xls,site_name,proxy,age,age_uncertainty_older,age_uncertainty_younger,co2,co2_uncertainty_higher,co2_uncertainty_lower,,reference,doi,co2_as_published,proxy_category,category_reason,co2_superseded,co2_recalculated,co2_revised_reason,age_as_published,age_quarantined,age_superseded,age_recalculated,age_revised_reason,modern_latitude,modern_longitude
phytoplankton_badger_2019_p1.0.xlsx,Category 1: (a) Weighted mean of all methods with Category 1 estimates.,Phytoplankton,111.32,4,4,224.31,271.38,88.59,,"Badger, M. P., Chalk, T. B., Foster, G. L., Bown, P. R., Gibbs, S. J., Sexton, P. F., ... & Pancost, R. D. (2019). Insensitivity of alkenone carbon isotopes to atmospheric CO2 at low to moderate CO2 levels. Climate of the Past, 15(2), 539-554.",Badger 2019,FALSE,1,Category 1: (a) Weighted mean of all methods with Category 1 estimates.,FALSE,TRUE,Recalculation of all alkenone CO2 results using uniform calculation methods and comprehensive treatment of uncertainties.,TRUE,FALSE,FALSE,FALSE,,,
phytoplankton_badger_2019_p1.0.xlsx,Category 1: (a) Weighted mean of all methods with Category 1 estimates.,Phytoplankton,119.06,4,4,258.08,344.16,107.04,,"Badger, M. P., Chalk, T. B., Foster, G. L., Bown, P. R., Gibbs, S. J., Sexton, P. F., ... & Pancost, R. D. (2019). Insensitivity of alkenone carbon isotopes to atmospheric CO2 at low to moderate CO2 levels. Climate of the Past, 15(2), 539-554.",Badger 2019,FALSE,1,Category 1: (a) Weighted mean of all methods with Category 1 estimates.,FALSE,TRUE,Recalculation of all alkenone CO2 results using uniform calculation methods and comprehensive treatment of uncertainties.,TRUE,FALSE,FALSE,FALSE,,,
phytoplankton_badger_2019_p1.0.xlsx,Category 1: (a) Weighted mean of all methods with Category 1 estimates.,Phytoplankton,123.77,4,4,254.2,319.57,104.02,,"Badger, M. P., Chalk, T. B., Foster, G. L., Bown, P. R., Gibbs, S. J., Sexton, P. F., ... & Pancost, R. D. (2019). Insensitivity of alkenone carbon isotopes to atmospheric CO2 at low to moderate CO2 levels. Climate of the Past, 15(2), 539-554.",Badger 2019,FALSE,1,Category 1: (a) Weighted mean of all methods with Category 1 estimates.,FALSE,TRUE,Recalculation of all alkenone CO2 results using uniform calculation methods and comprehensive treatment of uncertainties.,TRUE,FALSE,FALSE,FALSE,,,
phytoplankton_badger_2019_p1.0.xlsx,Category 1: (a) Weighted mean of all methods with Category 1 estimates.,Phytoplankton,127.48,4,4,278.75,371.23,115.89,,"Badger, M. P., Chalk, T. B., Foster, G. L., Bown, P. R., Gibbs, S. J., Sexton, P. F., ... & Pancost, R. D. (2019). Insensitivity of alkenone carbon isotopes to atmospheric CO2 at low to moderate CO2 levels. Climate of the Past, 15(2), 539-554.",Badger 2019,FALSE,1,Category 1: (a) Weighted mean of all methods with Category 1 estimates.,FALSE,TRUE,Recalculation of all alkenone CO2 results using uniform calculation methods and comprehensive treatment of uncertainties.,TRUE,FALSE,FALSE,FALSE,,,
phytoplankton_badger_2019_p1.0.xlsx,Category 1: (a) Weighted mean of all methods with Category 1 estimates.,Phytoplankton,131.91,4,4,206.8,231,79.76,,"Badger, M. P., Chalk, T. B., Foster, G. L., Bown, P. R., Gibbs, S. J., Sexton, P. F., ... & Pancost, R. D. (2019). Insensitivity of alkenone carbon isotopes to atmospheric CO2 at low to moderate CO2 levels. Climate of the Past, 15(2), 539-554.",Badger 2019,FALSE,1,Category 1: (a) Weighted mean of all methods with Category 1 estimates.,FALSE,TRUE,Recalculation of all alkenone CO2 results using uniform calculation methods and comprehensive treatment of uncertainties.,TRUE,FALSE,FALSE,FALSE,,,
phytoplankton_badger_2019_p1.0.xlsx,Category 1: (a) Weighted mean of all methods with Category 1 estimates.,Phytoplankton,133.22,4,4,302.82,432.21,130.09,,"Badger, M. P., Chalk, T. B., Foster, G. L., Bown, P. R., Gibbs, S. J., Sexton, P. F., ... & Pancost, R. D. (2019). Insensitivity of alkenone carbon isotopes to atmospheric CO2 at low to moderate CO2 levels. Climate of the Past, 15(2), 539-554.",Badger 2019,FALSE,1,Category 1: (a) Weighted mean of all methods with Category 1 estimates.,FALSE,TRUE,Recalculation of all alkenone CO2 results using uniform calculation methods and comprehensive treatment of uncertainties.,TRUE,FALSE,FALSE,FALSE,,,
phytoplankton_badger_2019_p1.0.xlsx,Category 1: (a) Weighted mean of all methods with Category 1 estimates.,Phytoplankton,135.57,4,4,202.76,230.71,78.47,,"Badger, M. P., Chalk, T. B., Foster, G. L., Bown, P. R., Gibbs, S. J., Sexton, P. F., ... & Pancost, R. D. (2019). Insensitivity of alkenone carbon isotopes to atmospheric CO2 at low to moderate CO2 levels. Climate of the Past, 15(2), 539-554.",Badger 2019,FALSE,1,Category 1: (a) Weighted mean of all methods with Category 1 estimates.,FALSE,TRUE,Recalculation of all alkenone CO2 results using uniform calculation methods and comprehensive treatment of uncertainties.,TRUE,FALSE,FALSE,FALSE,,,
phytoplankton_badger_2019_p1.0.xlsx,Category 1: (a) Weighted mean of all methods with Category 1 estimates.,Phytoplankton,138.97,4,4,202.01,230.75,75.88,,"Badger, M. P., Chalk, T. B., Foster, G. L., Bown, P. R., Gibbs, S. J., Sexton, P. F., ... & Pancost, R. D. (2019). Insensitivity of alkenone carbon isotopes to atmospheric CO2 at low to moderate CO2 levels. Climate of the Past, 15(2), 539-554.",Badger 2019,FALSE,1,Category 1: (a) Weighted mean of all methods with Category 1 estimates.,FALSE,TRUE,Recalculation of all alkenone CO2 results using uniform calculation methods and comprehensive treatment of uncertainties.,TRUE,FALSE,FALSE,FALSE,,,
phytoplankton_badger_2019_p1.0.xlsx,Category 1: (a) Weighted mean of all methods with Category 1 estimates.,Phytoplankton,146.69,4,4,191.39,215.64,71.38,,"Badger, M. P., Chalk, T. B., Foster, G. L., Bown, P. R., Gibbs, S. J., Sexton, P. F., ... & Pancost, R. D. (2019). Insensitivity of alkenone carbon isotopes to atmospheric CO2 at low to moderate CO2 levels. Climate of the Past, 15(2), 539-554.",Badger 2019,FALSE,1,Category 1: (a) Weighted mean of all methods with Category 1 estimates.,FALSE,TRUE,Recalculation of all alkenone CO2 results using uniform calculation methods and comprehensive treatment of uncertainties.,TRUE,FALSE,FALSE,FALSE,,,
phytoplankton_badger_2019_p1.0.xlsx,Category 1: (a) Weighted mean of all methods with Category 1 estimates.,Phytoplankton,150.04,4,4,216.45,265.55,84.17,,"Badger, M. P., Chalk, T. B., Foster, G. L., Bown, P. R., Gibbs, S. J., Sexton, P. F., ... & Pancost, R. D. (2019). Insensitivity of alkenone carbon isotopes to atmospheric CO2 at low to moderate CO2 levels. Climate of the Past, 15(2), 539-554.",Badger 2019,FALSE,1,Category 1: (a) Weighted mean of all methods with Category 1 estimates.,FALSE,TRUE,Recalculation of all alkenone CO2 results using uniform calculation methods and comprehensive treatment of uncertainties.,TRUE,FALSE,FALSE,FALSE,,,
phytoplankton_badger_2019_p1.0.xlsx,Category 1: (a) Weighted mean of all methods with Category 1 estimates.,Phytoplankton,169.76,4,4,196.32,221.21,74.01,,"Badger, M. P., Chalk, T. B., Foster, G. L., Bown, P. R., Gibbs, S. J., Sexton, P. F., ... & Pancost, R. D. (2019). Insensitivity of alkenone carbon isotopes to atmospheric CO2 at low to moderate CO2 levels. Climate of the Past, 15(2), 539-554.",Badger 2019,FALSE,1,Category 1: (a) Weighted mean of all methods with Category 1 estimates.,FALSE,TRUE,Recalculation of all alkenone CO2 results using uniform calculation methods and comprehensive treatment of uncertainties.,TRUE,FALSE,FALSE,FALSE,,,
phytoplankton_badger_2019_p1.0.xlsx,Category 1: (a) Weighted mean of all methods with Category 1 estimates.,Phytoplankton,179.94,4,4,175.72,684.55,137.55,,"Badger, M. P., Chalk, T. B., Foster, G. L., Bown, P. R., Gibbs, S. J., Sexton, P. F., ... & Pancost, R. D. (2019). Insensitivity of alkenone carbon isotopes to atmospheric CO2 at low to moderate CO2 levels. Climate of the Past, 15(2), 539-554.",Badger 2019,FALSE,1,Category 1: (a) Weighted mean of all methods with Category 1 estimates.,FALSE,TRUE,Recalculation of all alkenone CO2 results using uniform calculation methods and comprehensive treatment of uncertainties.,TRUE,FALSE,FALSE,FALSE,,,
phytoplankton_badger_2019_p1.0.xlsx,Category 1: (a) Weighted mean of all methods with Category 1 estimates.,Phytoplankton,184.37,4,4,165.31,638.84,126.72,,"Badger, M. P., Chalk, T. B., Foster, G. L., Bown, P. R., Gibbs, S. J., Sexton, P. F., ... & Pancost, R. D. (2019). Insensitivity of alkenone carbon isotopes to atmospheric CO2 at low to moderate CO2 levels. Climate of the Past, 15(2), 539-554.",Badger 2019,FALSE,1,Category 1: (a) Weighted mean of all methods with Category 1 estimates.,FALSE,TRUE,Recalculation of all alkenone CO2 results using uniform calculation methods and comprehensive treatment of uncertainties.,TRUE,FALSE,FALSE,FALSE,,,
phytoplankton_badger_2019_p1.0.xlsx,Category 1: (a) Weighted mean of all methods with Category 1 estimates.,Phytoplankton,190.01,4,4,216.35,253.82,85.65,,"Badger, M. P., Chalk, T. B., Foster, G. L., Bown, P. R., Gibbs, S. J., Sexton, P. F., ... & Pancost, R. D. (2019). Insensitivity of alkenone carbon isotopes to atmospheric CO2 at low to moderate CO2 levels. Climate of the Past, 15(2), 539-554.",Badger 2019,FALSE,1,Category 1: (a) Weighted mean of all methods with Category 1 estimates.,FALSE,TRUE,Recalculation of all alkenone CO2 results using uniform calculation methods and comprehensive treatment of uncertainties.,TRUE,FALSE,FALSE,FALSE,,,
phytoplankton_badger_2019_p1.0.xlsx,Category 1: (a) Weighted mean of all methods with Category 1 estimates.,Phytoplankton,191.68,4,4,247.06,309.21,99.88,,"Badger, M. P., Chalk, T. B., Foster, G. L., Bown, P. R., Gibbs, S. J., Sexton, P. F., ... & Pancost, R. D. (2019). Insensitivity of alkenone carbon isotopes to atmospheric CO2 at low to moderate CO2 levels. Climate of the Past, 15(2), 539-554.",Badger 2019,FALSE,1,Category 1: (a) Weighted mean of all methods with Category 1 estimates.,FALSE,TRUE,Recalculation of all alkenone CO2 results using uniform calculation methods and comprehensive treatment of uncertainties.,TRUE,FALSE,FALSE,FALSE,,,
phytoplankton_badger_2019_p1.0.xlsx,Category 1: (a) Weighted mean of all methods with Category 1 estimates.,Phytoplankton,198.07,4,4,238.25,295.16,96.17,,"Badger, M. P., Chalk, T. B., Foster, G. L., Bown, P. R., Gibbs, S. J., Sexton, P. F., ... & Pancost, R. D. (2019). Insensitivity of alkenone carbon isotopes to atmospheric CO2 at low to moderate CO2 levels. Climate of the Past, 15(2), 539-554.",Badger 2019,FALSE,1,Category 1: (a) Weighted mean of all methods with Category 1 estimates.,FALSE,TRUE,Recalculation of all alkenone CO2 results using uniform calculation methods and comprehensive treatment of uncertainties.,TRUE,FALSE,FALSE,FALSE,,,
phytoplankton_badger_2019_p1.0.xlsx,Category 1: (a) Weighted mean of all methods with Category 1 estimates.,Phytoplankton,211.57,4,4,235.41,279.26,95.01,,"Badger, M. P., Chalk, T. B., Foster, G. L., Bown, P. R., Gibbs, S. J., Sexton, P. F., ... & Pancost, R. D. (2019). Insensitivity of alkenone carbon isotopes to atmospheric CO2 at low to moderate CO2 levels. Climate of the Past, 15(2), 539-554.",Badger 2019,FALSE,1,Category 1: (a) Weighted mean of all methods with Category 1 estimates.,FALSE,TRUE,Recalculation of all alkenone CO2 results using uniform calculation methods and comprehensive treatment of uncertainties.,TRUE,FALSE,FALSE,FALSE,,,
phytoplankton_badger_2019_p1.0.xlsx,Category 1: (a) Weighted mean of all methods with Category 1 estimates.,Phytoplankton,220.44,4,4,186.75,197.1,68.72,,"Badger, M. P., Chalk, T. B., Foster, G. L., Bown, P. R., Gibbs, S. J., Sexton, P. F., ... & Pancost, R. D. (2019). Insensitivity of alkenone carbon isotopes to atmospheric CO2 at low to moderate CO2 levels. Climate of the Past, 15(2), 539-554.",Badger 2019,FALSE,1,Category 1: (a) Weighted mean of all methods with Category 1 estimates.,FALSE,TRUE,Recalculation of all alkenone CO2 results using uniform calculation methods and comprehensive treatment of uncertainties.,TRUE,FALSE,FALSE,FALSE,,,
phytoplankton_badger_2019_p1.0.xlsx,Category 1: (a) Weighted mean of all methods with Category 1 estimates.,Phytoplankton,223.66,4,4,229.08,278.91,91.78,,"Badger, M. P., Chalk, T. B., Foster, G. L., Bown, P. R., Gibbs, S. J., Sexton, P. F., ... & Pancost, R. D. (2019). Insensitivity of alkenone carbon isotopes to atmospheric CO2 at low to moderate CO2 levels. Climate of the Past, 15(2), 539-554.",Badger 2019,FALSE,1,Category 1: (a) Weighted mean of all methods with Category 1 estimates.,FALSE,TRUE,Recalculation of all alkenone CO2 results using uniform calculation methods and comprehensive treatment of uncertainties.,TRUE,FALSE,FALSE,FALSE,,,
phytoplankton_badger_2019_p1.0.xlsx,Category 1: (a) Weighted mean of all methods with Category 1 estimates.,Phytoplankton,227.1,4,4,216.34,246.05,84.93,,"Badger, M. P., Chalk, T. B., Foster, G. L., Bown, P. R., Gibbs, S. J., Sexton, P. F., ... & Pancost, R. D. (2019). Insensitivity of alkenone carbon isotopes to atmospheric CO2 at low to moderate CO2 levels. Climate of the Past, 15(2), 539-554.",Badger 2019,FALSE,1,Category 1: (a) Weighted mean of all methods with Category 1 estimates.,FALSE,TRUE,Recalculation of all alkenone CO2 results using uniform calculation methods and comprehensive treatment of uncertainties.,TRUE,FALSE,FALSE,FALSE,,,
phytoplankton_badger_2019_p1.0.xlsx,Category 1: (a) Weighted mean of all methods with Category 1 estimates.,Phytoplankton,235.76,4,4,276.83,371.16,117.31,,"Badger, M. P., Chalk, T. B., Foster, G. L., Bown, P. R., Gibbs, S. J., Sexton, P. F., ... & Pancost, R. D. (2019). Insensitivity of alkenone carbon isotopes to atmospheric CO2 at low to moderate CO2 levels. Climate of the Past, 15(2), 539-554.",Badger 2019,FALSE,1,Category 1: (a) Weighted mean of all methods with Category 1 estimates.,FALSE,TRUE,Recalculation of all alkenone CO2 results using uniform calculation methods and comprehensive treatment of uncertainties.,TRUE,FALSE,FALSE,FALSE,,,
phytoplankton_badger_2019_p1.0.xlsx,Category 1: (a) Weighted mean of all methods with Category 1 estimates.,Phytoplankton,239.48,4,4,237.79,296.96,94.95,,"Badger, M. P., Chalk, T. B., Foster, G. L., Bown, P. R., Gibbs, S. J., Sexton, P. F., ... & Pancost, R. D. (2019). Insensitivity of alkenone carbon isotopes to atmospheric CO2 at low to moderate CO2 levels. Climate of the Past, 15(2), 539-554.",Badger 2019,FALSE,1,Category 1: (a) Weighted mean of all methods with Category 1 estimates.,FALSE,TRUE,Recalculation of all alkenone CO2 results using uniform calculation methods and comprehensive treatment of uncertainties.,TRUE,FALSE,FALSE,FALSE,,,
phytoplankton_badger_2019_p1.0.xlsx,Category 1: (a) Weighted mean of all methods with Category 1 estimates.,Phytoplankton,247.18,4,4,181.21,676.24,142.05,,"Badger, M. P., Chalk, T. B., Foster, G. L., Bown, P. R., Gibbs, S. J., Sexton, P. F., ... & Pancost, R. D. (2019). Insensitivity of alkenone carbon isotopes to atmospheric CO2 at low to moderate CO2 levels. Climate of the Past, 15(2), 539-554.",Badger 2019,FALSE,1,Category 1: (a) Weighted mean of all methods with Category 1 estimates.,FALSE,TRUE,Recalculation of all alkenone CO2 results using uniform calculation methods and comprehensive treatment of uncertainties.,TRUE,FALSE,FALSE,FALSE,,,
phytoplankton_badger_2019_p1.0.xlsx,Category 1: (a) Weighted mean of all methods with Category 1 estimates.,Phytoplankton,250.07,4,4,174.41,691.02,136.04,,"Badger, M. P., Chalk, T. B., Foster, G. L., Bown, P. R., Gibbs, S. J., Sexton, P. F., ... & Pancost, R. D. (2019). Insensitivity of alkenone carbon isotopes to atmospheric CO2 at low to moderate CO2 levels. Climate of the Past, 15(2), 539-554.",Badger 2019,FALSE,1,Category 1: (a) Weighted mean of all methods with Category 1 estimates.,FALSE,TRUE,Recalculation of all alkenone CO2 results using uniform calculation methods and comprehensive treatment of uncertainties.,TRUE,FALSE,FALSE,FALSE,,,
phytoplankton_badger_2019_p1.0.xlsx,Category 1: (a) Weighted mean of all methods with Category 1 estimates.,Phytoplankton,257.84,4,4,177.31,683.32,137.31,,"Badger, M. P., Chalk, T. B., Foster, G. L., Bown, P. R., Gibbs, S. J., Sexton, P. F., ... & Pancost, R. D. (2019). Insensitivity of alkenone carbon isotopes to atmospheric CO2 at low to moderate CO2 levels. Climate of the Past, 15(2), 539-554.",Badger 2019,FALSE,1,Category 1: (a) Weighted mean of all methods with Category 1 estimates.,FALSE,TRUE,Recalculation of all alkenone CO2 results using uniform calculation methods and comprehensive treatment of uncertainties.,TRUE,FALSE,FALSE,FALSE,,,
phytoplankton_badger_2019_p1.0.xlsx,Category 1: (a) Weighted mean of all methods with Category 1 estimates.,Phytoplankton,2599.5,6,6,194.45,209.93,71.58,,"Badger, M. P., Chalk, T. B., Foster, G. L., Bown, P. R., Gibbs, S. J., Sexton, P. F., ... & Pancost, R. D. (2019). Insensitivity of alkenone carbon isotopes to atmospheric CO2 at low to moderate CO2 levels. Climate of the Past, 15(2), 539-554.",Badger 2019,FALSE,1,Category 1: (a) Weighted mean of all methods with Category 1 estimates.,FALSE,TRUE,Recalculation of all alkenone CO2 results using uniform calculation methods and comprehensive treatment of uncertainties.,TRUE,FALSE,FALSE,FALSE,,,
phytoplankton_badger_2019_p1.0.xlsx,Category 1: (a) Weighted mean of all methods with Category 1 estimates.,Phytoplankton,2607.54,6,6,147.63,495.01,113.07,,"Badger, M. P., Chalk, T. B., Foster, G. L., Bown, P. R., Gibbs, S. J., Sexton, P. F., ... & Pancost, R. D. (2019). Insensitivity of alkenone carbon isotopes to atmospheric CO2 at low to moderate CO2 levels. Climate of the Past, 15(2), 539-554.",Badger 2019,FALSE,1,Category 1: (a) Weighted mean of all methods with Category 1 estimates.,FALSE,TRUE,Recalculation of all alkenone CO2 results using uniform calculation methods and comprehensive treatment of uncertainties.,TRUE,FALSE,FALSE,FALSE,,,
phytoplankton_badger_2019_p1.0.xlsx,Category 1: (a) Weighted mean of all methods with Category 1 estimates.,Phytoplankton,2617.32,6,6,170.5,586.39,129.71,,"Badger, M. P., Chalk, T. B., Foster, G. L., Bown, P. R., Gibbs, S. J., Sexton, P. F., ... & Pancost, R. D. (2019). Insensitivity of alkenone carbon isotopes to atmospheric CO2 at low to moderate CO2 levels. Climate of the Past, 15(2), 539-554.",Badger 2019,FALSE,1,Category 1: (a) Weighted mean of all methods with Category 1 estimates.,FALSE,TRUE,Recalculation of all alkenone CO2 results using uniform calculation methods and comprehensive treatment of uncertainties.,TRUE,FALSE,FALSE,FALSE,,,
phytoplankton_badger_2019_p1.0.xlsx,Category 1: (a) Weighted mean of all methods with Category 1 estimates.,Phytoplankton,2627.02,6,6,147.03,506.69,112.22,,"Badger, M. P., Chalk, T. B., Foster, G. L., Bown, P. R., Gibbs, S. J., Sexton, P. F., ... & Pancost, R. D. (2019). Insensitivity of alkenone carbon isotopes to atmospheric CO2 at low to moderate CO2 levels. Climate of the Past, 15(2), 539-554.",Badger 2019,FALSE,1,Category 1: (a) Weighted mean of all methods with Category 1 estimates.,FALSE,TRUE,Recalculation of all alkenone CO2 results using uniform calculation methods and comprehensive treatment of uncertainties.,TRUE,FALSE,FALSE,FALSE,,,
phytoplankton_badger_2019_p1.0.xlsx,Category 1: (a) Weighted mean of all methods with Category 1 estimates.,Phytoplankton,2633.61,6,6,167.58,610.77,128.51,,"Badger, M. P., Chalk, T. B., Foster, G. L., Bown, P. R., Gibbs, S. J., Sexton, P. F., ... & Pancost, R. D. (2019). Insensitivity of alkenone carbon isotopes to atmospheric CO2 at low to moderate CO2 levels. Climate of the Past, 15(2), 539-554.",Badger 2019,FALSE,1,Category 1: (a) Weighted mean of all methods with Category 1 estimates.,FALSE,TRUE,Recalculation of all alkenone CO2 results using uniform calculation methods and comprehensive treatment of uncertainties.,TRUE,FALSE,FALSE,FALSE,,,
phytoplankton_badger_2019_p1.0.xlsx,Category 1: (a) Weighted mean of all methods with Category 1 estimates.,Phytoplankton,2642.29,6,6,141.4,476.65,108.3,,"Badger, M. P., Chalk, T. B., Foster, G. L., Bown, P. R., Gibbs, S. J., Sexton, P. F., ... & Pancost, R. D. (2019). Insensitivity of alkenone carbon isotopes to atmospheric CO2 at low to moderate CO2 levels. Climate of the Past, 15(2), 539-554.",Badger 2019,FALSE,1,Category 1: (a) Weighted mean of all methods with Category 1 estimates.,FALSE,TRUE,Recalculation of all alkenone CO2 results using uniform calculation methods and comprehensive treatment of uncertainties.,TRUE,FALSE,FALSE,FALSE,,,
phytoplankton_jasper_1990_p1.0.xlsx,Category 1: (a) Weighted mean of all methods with Category 1 estimates.,Phytoplankton,2.9,4,4,181.42,623.57,139.65,,"Jasper, John P., and J. M. Hayes. ""A carbon isotope record of CO2 levels during the late Quaternary."" Nature 347.6292 (1990): 462.",Jasper 1990,FALSE,1,Category 1: (a) Weighted mean of all methods with Category 1 estimates.,FALSE,TRUE,Recalculation of all alkenone CO2 results using uniform calculation methods and comprehensive treatment of uncertainties.,TRUE,FALSE,FALSE,FALSE,,,
phytoplankton_jasper_1990_p1.0.xlsx,Category 1: (a) Weighted mean of all methods with Category 1 estimates.,Phytoplankton,8.5,4,4,145.71,499.33,111.18,,"Jasper, John P., and J. M. Hayes. ""A carbon isotope record of CO2 levels during the late Quaternary."" Nature 347.6292 (1990): 462.",Jasper 1990,FALSE,1,Category 1: (a) Weighted mean of all methods with Category 1 estimates.,FALSE,TRUE,Recalculation of all alkenone CO2 results using uniform calculation methods and comprehensive treatment of uncertainties.,TRUE,FALSE,FALSE,FALSE,,,
phytoplankton_jasper_1990_p1.0.xlsx,Category 1: (a) Weighted mean of all methods with Category 1 estimates.,Phytoplankton,15.1,4,4,137.83,483.25,104.87,,"Jasper, John P., and J. M. Hayes. ""A carbon isotope record of CO2 levels during the late Quaternary."" Nature 347.6292 (1990): 462.",Jasper 1990,FALSE,1,Category 1: (a) Weighted mean of all methods with Category 1 estimates.,FALSE,TRUE,Recalculation of all alkenone CO2 results using uniform calculation methods and comprehensive treatment of uncertainties.,TRUE,FALSE,FALSE,FALSE,,,
phytoplankton_jasper_1990_p1.0.xlsx,Category 1: (a) Weighted mean of all methods with Category 1 estimates.,Phytoplankton,16,4,4,131.13,438.04,98.9,,"Jasper, John P., and J. M. Hayes. ""A carbon isotope record of CO2 levels during the late Quaternary."" Nature 347.6292 (1990): 462.",Jasper 1990,FALSE,1,Category 1: (a) Weighted mean of all methods with Category 1 estimates.,FALSE,TRUE,Recalculation of all alkenone CO2 results using uniform calculation methods and comprehensive treatment of uncertainties.,TRUE,FALSE,FALSE,FALSE,,,
phytoplankton_jasper_1990_p1.0.xlsx,Category 1: (a) Weighted mean of all methods with Category 1 estimates.,Phytoplankton,17.4,4,4,122.88,419,93.45,,"Jasper, John P., and J. M. Hayes. ""A carbon isotope record of CO2 levels during the late Quaternary."" Nature 347.6292 (1990): 462.",Jasper 1990,FALSE,1,Category 1: (a) Weighted mean of all methods with Category 1 estimates.,FALSE,TRUE,Recalculation of all alkenone CO2 results using uniform calculation methods and comprehensive treatment of uncertainties.,TRUE,FALSE,FALSE,FALSE,,,
phytoplankton_jasper_1990_p1.0.xlsx,Category 1: (a) Weighted mean of all methods with Category 1 estimates.,Phytoplankton,17.8,4,4,67.06,229.37,51.42,,"Jasper, John P., and J. M. Hayes. ""A carbon isotope record of CO2 levels during the late Quaternary."" Nature 347.6292 (1990): 462.",Jasper 1990,FALSE,1,Category 1: (a) Weighted mean of all methods with Category 1 estimates.,FALSE,TRUE,Recalculation of all alkenone CO2 results using uniform calculation methods and comprehensive treatment of uncertainties.,TRUE,FALSE,FALSE,FALSE,,,
phytoplankton_jasper_1990_p1.0.xlsx,Category 1: (a) Weighted mean of all methods with Category 1 estimates.,Phytoplankton,19.1,4,4,104.45,354.23,79.3,,"Jasper, John P., and J. M. Hayes. ""A carbon isotope record of CO2 levels during the late Quaternary."" Nature 347.6292 (1990): 462.",Jasper 1990,FALSE,1,Category 1: (a) Weighted mean of all methods with Category 1 estimates.,FALSE,TRUE,Recalculation of all alkenone CO2 results using uniform calculation methods and comprehensive treatment of uncertainties.,TRUE,FALSE,FALSE,FALSE,,,
phytoplankton_jasper_1990_p1.0.xlsx,Category 1: (a) Weighted mean of all methods with Category 1 estimates.,Phytoplankton,26.7,4,4,117.65,392.61,90.13,,"Jasper, John P., and J. M. Hayes. ""A carbon isotope record of CO2 levels during the late Quaternary."" Nature 347.6292 (1990): 462.",Jasper 1990,FALSE,1,Category 1: (a) Weighted mean of all methods with Category 1 estimates.,FALSE,TRUE,Recalculation of all alkenone CO2 results using uniform calculation methods and comprehensive treatment of uncertainties.,TRUE,FALSE,FALSE,FALSE,,,
phytoplankton_jasper_1990_p1.0.xlsx,Category 1: (a) Weighted mean of all methods with Category 1 estimates.,Phytoplankton,33.9,4,4,112.82,385.83,85.79,,"Jasper, John P., and J. M. Hayes. ""A carbon isotope record of CO2 levels during the late Quaternary."" Nature 347.6292 (1990): 462.",Jasper 1990,FALSE,1,Category 1: (a) Weighted mean of all methods with Category 1 estimates.,FALSE,TRUE,Recalculation of all alkenone CO2 results using uniform calculation methods and comprehensive treatment of uncertainties.,TRUE,FALSE,FALSE,FALSE,,,
phytoplankton_jasper_1990_p1.0.xlsx,Category 1: (a) Weighted mean of all methods with Category 1 estimates.,Phytoplankton,46.2,4,4,61.71,209.05,46.96,,"Jasper, John P., and J. M. Hayes. ""A carbon isotope record of CO2 levels during the late Quaternary."" Nature 347.6292 (1990): 462.",Jasper 1990,FALSE,1,Category 1: (a) Weighted mean of all methods with Category 1 estimates.,FALSE,TRUE,Recalculation of all alkenone CO2 results using uniform calculation methods and comprehensive treatment of uncertainties.,TRUE,FALSE,FALSE,FALSE,,,
phytoplankton_jasper_1990_p1.0.xlsx,Category 1: (a) Weighted mean of all methods with Category 1 estimates.,Phytoplankton,57.3,4,4,136.34,447.66,105.33,,"Jasper, John P., and J. M. Hayes. ""A carbon isotope record of CO2 levels during the late Quaternary."" Nature 347.6292 (1990): 462.",Jasper 1990,FALSE,1,Category 1: (a) Weighted mean of all methods with Category 1 estimates.,FALSE,TRUE,Recalculation of all alkenone CO2 results using uniform calculation methods and comprehensive treatment of uncertainties.,TRUE,FALSE,FALSE,FALSE,,,
phytoplankton_jasper_1990_p1.0.xlsx,Category 1: (a) Weighted mean of all methods with Category 1 estimates.,Phytoplankton,60.1,4,4,116.32,416.45,89.11,,"Jasper, John P., and J. M. Hayes. ""A carbon isotope record of CO2 levels during the late Quaternary."" Nature 347.6292 (1990): 462.",Jasper 1990,FALSE,1,Category 1: (a) Weighted mean of all methods with Category 1 estimates.,FALSE,TRUE,Recalculation of all alkenone CO2 results using uniform calculation methods and comprehensive treatment of uncertainties.,TRUE,FALSE,FALSE,FALSE,,,
phytoplankton_jasper_1990_p1.0.xlsx,Category 1: (a) Weighted mean of all methods with Category 1 estimates.,Phytoplankton,61.8,4,4,121.47,407.18,93.53,,"Jasper, John P., and J. M. Hayes. ""A carbon isotope record of CO2 levels during the late Quaternary."" Nature 347.6292 (1990): 462.",Jasper 1990,FALSE,1,Category 1: (a) Weighted mean of all methods with Category 1 estimates.,FALSE,TRUE,Recalculation of all alkenone CO2 results using uniform calculation methods and comprehensive treatment of uncertainties.,TRUE,FALSE,FALSE,FALSE,,,
phytoplankton_jasper_1990_p1.0.xlsx,Category 1: (a) Weighted mean of all methods with Category 1 estimates.,Phytoplankton,65.9,4,4,150,515.72,113.78,,"Jasper, John P., and J. M. Hayes. ""A carbon isotope record of CO2 levels during the late Quaternary."" Nature 347.6292 (1990): 462.",Jasper 1990,FALSE,1,Category 1: (a) Weighted mean of all methods with Category 1 estimates.,FALSE,TRUE,Recalculation of all alkenone CO2 results using uniform calculation methods and comprehensive treatment of uncertainties.,TRUE,FALSE,FALSE,FALSE,,,
phytoplankton_jasper_1990_p1.0.xlsx,Category 1: (a) Weighted mean of all methods with Category 1 estimates.,Phytoplankton,80.2,4,4,149.11,521.07,114.21,,"Jasper, John P., and J. M. Hayes. ""A carbon isotope record of CO2 levels during the late Quaternary."" Nature 347.6292 (1990): 462.",Jasper 1990,FALSE,1,Category 1: (a) Weighted mean of all methods with Category 1 estimates.,FALSE,TRUE,Recalculation of all alkenone CO2 results using uniform calculation methods and comprehensive treatment of uncertainties.,TRUE,FALSE,FALSE,FALSE,,,
phytoplankton_jasper_1990_p1.0.xlsx,Category 1: (a) Weighted mean of all methods with Category 1 estimates.,Phytoplankton,81.5,4,4,145.16,508.87,112.01,,"Jasper, John P., and J. M. Hayes. ""A carbon isotope record of CO2 levels during the late Quaternary."" Nature 347.6292 (1990): 462.",Jasper 1990,FALSE,1,Category 1: (a) Weighted mean of all methods with Category 1 estimates.,FALSE,TRUE,Recalculation of all alkenone CO2 results using uniform calculation methods and comprehensive treatment of uncertainties.,TRUE,FALSE,FALSE,FALSE,,,
phytoplankton_jasper_1990_p1.0.xlsx,Category 1: (a) Weighted mean of all methods with Category 1 estimates.,Phytoplankton,93.9,4,4,156.05,547.64,119.1,,"Jasper, John P., and J. M. Hayes. ""A carbon isotope record of CO2 levels during the late Quaternary."" Nature 347.6292 (1990): 462.",Jasper 1990,FALSE,1,Category 1: (a) Weighted mean of all methods with Category 1 estimates.,FALSE,TRUE,Recalculation of all alkenone CO2 results using uniform calculation methods and comprehensive treatment of uncertainties.,TRUE,FALSE,FALSE,FALSE,,,
phytoplankton_jasper_1990_p1.0.xlsx,Category 1: (a) Weighted mean of all methods with Category 1 estimates.,Phytoplankton,96,4,4,167.41,578.91,127.9,,"Jasper, John P., and J. M. Hayes. ""A carbon isotope record of CO2 levels during the late Quaternary."" Nature 347.6292 (1990): 462.",Jasper 1990,FALSE,1,Category 1: (a) Weighted mean of all methods with Category 1 estimates.,FALSE,TRUE,Recalculation of all alkenone CO2 results using uniform calculation methods and comprehensive treatment of uncertainties.,TRUE,FALSE,FALSE,FALSE,,,
phytoplankton_seki_2010_p1.0.xlsx,Category 1: (a) Weighted mean of all methods with Category 1 estimates.,Phytoplankton,200,4,4,275.72,398.22,123.49,,"Seki, O., Foster, G. L., Schmidt, D. N., Mackensen, A., Kawamura, K., & Pancost, R. D. (2010). Alkenone and boron-based Pliocene pCO2 records. Earth and Planetary Science Letters, 292(1-2), 201-211.",Seki 2010,FALSE,1,Category 1: (a) Weighted mean of all methods with Category 1 estimates.,FALSE,TRUE,Recalculation of all alkenone CO2 results using uniform calculation methods and comprehensive treatment of uncertainties.,TRUE,FALSE,FALSE,FALSE,,,
phytoplankton_seki_2010_p1.0.xlsx,Category 1: (a) Weighted mean of all methods with Category 1 estimates.,Phytoplankton,250,4,4,178.34,208.92,71.36,,"Seki, O., Foster, G. L., Schmidt, D. N., Mackensen, A., Kawamura, K., & Pancost, R. D. (2010). Alkenone and boron-based Pliocene pCO2 records. Earth and Planetary Science Letters, 292(1-2), 201-211.",Seki 2010,FALSE,1,Category 1: (a) Weighted mean of all methods with Category 1 estimates.,FALSE,TRUE,Recalculation of all alkenone CO2 results using uniform calculation methods and comprehensive treatment of uncertainties.,TRUE,FALSE,FALSE,FALSE,,,
phytoplankton_seki_2010_p1.0.xlsx,Category 1: (a) Weighted mean of all methods with Category 1 estimates.,Phytoplankton,460,4,4,187.11,216.45,74.36,,"Seki, O., Foster, G. L., Schmidt, D. N., Mackensen, A., Kawamura, K., & Pancost, R. D. (2010). Alkenone and boron-based Pliocene pCO2 records. Earth and Planetary Science Letters, 292(1-2), 201-211.",Seki 2010,FALSE,1,Category 1: (a) Weighted mean of all methods with Category 1 estimates.,FALSE,TRUE,Recalculation of all alkenone CO2 results using uniform calculation methods and comprehensive treatment of uncertainties.,TRUE,FALSE,FALSE,FALSE,,,
phytoplankton_seki_2010_p1.0.xlsx,Category 1: (a) Weighted mean of all methods with Category 1 estimates.,Phytoplankton,900,4,4,144.15,476.99,109.19,,"Seki, O., Foster, G. L., Schmidt, D. N., Mackensen, A., Kawamura, K., & Pancost, R. D. (2010). Alkenone and boron-based Pliocene pCO2 records. Earth and Planetary Science Letters, 292(1-2), 201-211.",Seki 2010,FALSE,1,Category 1: (a) Weighted mean of all methods with Category 1 estimates.,FALSE,TRUE,Recalculation of all alkenone CO2 results using uniform calculation methods and comprehensive treatment of uncertainties.,TRUE,FALSE,FALSE,FALSE,,,
phytoplankton_seki_2010_p1.0.xlsx,Category 1: (a) Weighted mean of all methods with Category 1 estimates.,Phytoplankton,1000,6,6,150.64,484.4,115.09,,"Seki, O., Foster, G. L., Schmidt, D. N., Mackensen, A., Kawamura, K., & Pancost, R. D. (2010). Alkenone and boron-based Pliocene pCO2 records. Earth and Planetary Science Letters, 292(1-2), 201-211.",Seki 2010,FALSE,1,Category 1: (a) Weighted mean of all methods with Category 1 estimates.,FALSE,TRUE,Recalculation of all alkenone CO2 results using uniform calculation methods and comprehensive treatment of uncertainties.,TRUE,FALSE,FALSE,FALSE,,,
phytoplankton_seki_2010_p1.0.xlsx,Category 1: (a) Weighted mean of all methods with Category 1 estimates.,Phytoplankton,1200,6,6,212.01,262.42,87.54,,"Seki, O., Foster, G. L., Schmidt, D. N., Mackensen, A., Kawamura, K., & Pancost, R. D. (2010). Alkenone and boron-based Pliocene pCO2 records. Earth and Planetary Science Letters, 292(1-2), 201-211.",Seki 2010,FALSE,1,Category 1: (a) Weighted mean of all methods with Category 1 estimates.,FALSE,TRUE,Recalculation of all alkenone CO2 results using uniform calculation methods and comprehensive treatment of uncertainties.,TRUE,FALSE,FALSE,FALSE,,,
phytoplankton_seki_2010_p1.0.xlsx,Category 1: (a) Weighted mean of all methods with Category 1 estimates.,Phytoplankton,1300,6,6,204.2,239.55,81.74,,"Seki, O., Foster, G. L., Schmidt, D. N., Mackensen, A., Kawamura, K., & Pancost, R. D. (2010). Alkenone and boron-based Pliocene pCO2 records. Earth and Planetary Science Letters, 292(1-2), 201-211.",Seki 2010,FALSE,1,Category 1: (a) Weighted mean of all methods with Category 1 estimates.,FALSE,TRUE,Recalculation of all alkenone CO2 results using uniform calculation methods and comprehensive treatment of uncertainties.,TRUE,FALSE,FALSE,FALSE,,,
phytoplankton_seki_2010_p1.0.xlsx,Category 1: (a) Weighted mean of all methods with Category 1 estimates.,Phytoplankton,1500,6,6,226.28,271.82,92.99,,"Seki, O., Foster, G. L., Schmidt, D. N., Mackensen, A., Kawamura, K., & Pancost, R. D. (2010). Alkenone and boron-based Pliocene pCO2 records. Earth and Planetary Science Letters, 292(1-2), 201-211.",Seki 2010,FALSE,1,Category 1: (a) Weighted mean of all methods with Category 1 estimates.,FALSE,TRUE,Recalculation of all alkenone CO2 results using uniform calculation methods and comprehensive treatment of uncertainties.,TRUE,FALSE,FALSE,FALSE,,,
phytoplankton_seki_2010_p1.0.xlsx,Category 1: (a) Weighted mean of all methods with Category 1 estimates.,Phytoplankton,1750,6,6,209.59,245.45,85.41,,"Seki, O., Foster, G. L., Schmidt, D. N., Mackensen, A., Kawamura, K., & Pancost, R. D. (2010). Alkenone and boron-based Pliocene pCO2 records. Earth and Planetary Science Letters, 292(1-2), 201-211.",Seki 2010,FALSE,1,Category 1: (a) Weighted mean of all methods with Category 1 estimates.,FALSE,TRUE,Recalculation of all alkenone CO2 results using uniform calculation methods and comprehensive treatment of uncertainties.,TRUE,FALSE,FALSE,FALSE,,,
phytoplankton_seki_2010_p1.0.xlsx,Category 1: (a) Weighted mean of all methods with Category 1 estimates.,Phytoplankton,2110,6,6,186.1,200.57,73,,"Seki, O., Foster, G. L., Schmidt, D. N., Mackensen, A., Kawamura, K., & Pancost, R. D. (2010). Alkenone and boron-based Pliocene pCO2 records. Earth and Planetary Science Letters, 292(1-2), 201-211.",Seki 2010,FALSE,1,Category 1: (a) Weighted mean of all methods with Category 1 estimates.,FALSE,TRUE,Recalculation of all alkenone CO2 results using uniform calculation methods and comprehensive treatment of uncertainties.,TRUE,FALSE,FALSE,FALSE,,,
phytoplankton_seki_2010_p1.0.xlsx,Category 1: (a) Weighted mean of all methods with Category 1 estimates.,Phytoplankton,2310,6,6,205.29,242.31,82.3,,"Seki, O., Foster, G. L., Schmidt, D. N., Mackensen, A., Kawamura, K., & Pancost, R. D. (2010). Alkenone and boron-based Pliocene pCO2 records. Earth and Planetary Science Letters, 292(1-2), 201-211.",Seki 2010,FALSE,1,Category 1: (a) Weighted mean of all methods with Category 1 estimates.,FALSE,TRUE,Recalculation of all alkenone CO2 results using uniform calculation methods and comprehensive treatment of uncertainties.,TRUE,FALSE,FALSE,FALSE,,,
phytoplankton_seki_2010_p1.0.xlsx,Category 1: (a) Weighted mean of all methods with Category 1 estimates.,Phytoplankton,2590,6,6,190.31,211.35,75.09,,"Seki, O., Foster, G. L., Schmidt, D. N., Mackensen, A., Kawamura, K., & Pancost, R. D. (2010). Alkenone and boron-based Pliocene pCO2 records. Earth and Planetary Science Letters, 292(1-2), 201-211.",Seki 2010,FALSE,1,Category 1: (a) Weighted mean of all methods with Category 1 estimates.,FALSE,TRUE,Recalculation of all alkenone CO2 results using uniform calculation methods and comprehensive treatment of uncertainties.,TRUE,FALSE,FALSE,FALSE,,,
phytoplankton_seki_2010_p1.0.xlsx,Category 1: (a) Weighted mean of all methods with Category 1 estimates.,Phytoplankton,210,4,4,298.78,255.6,170.37,,"Seki, O., Foster, G. L., Schmidt, D. N., Mackensen, A., Kawamura, K., & Pancost, R. D. (2010). Alkenone and boron-based Pliocene pCO2 records. Earth and Planetary Science Letters, 292(1-2), 201-211.",Seki 2010,FALSE,1,Category 1: (a) Weighted mean of all methods with Category 1 estimates.,FALSE,TRUE,Recalculation of all alkenone CO2 results using uniform calculation methods and comprehensive treatment of uncertainties.,TRUE,FALSE,FALSE,FALSE,,,
phytoplankton_seki_2010_p1.0.xlsx,Category 1: (a) Weighted mean of all methods with Category 1 estimates.,Phytoplankton,450,4,4,291.85,251.93,164.35,,"Seki, O., Foster, G. L., Schmidt, D. N., Mackensen, A., Kawamura, K., & Pancost, R. D. (2010). Alkenone and boron-based Pliocene pCO2 records. Earth and Planetary Science Letters, 292(1-2), 201-211.",Seki 2010,FALSE,1,Category 1: (a) Weighted mean of all methods with Category 1 estimates.,FALSE,TRUE,Recalculation of all alkenone CO2 results using uniform calculation methods and comprehensive treatment of uncertainties.,TRUE,FALSE,FALSE,FALSE,,,
phytoplankton_seki_2010_p1.0.xlsx,Category 1: (a) Weighted mean of all methods with Category 1 estimates.,Phytoplankton,680,4,4,300.17,255.01,169.26,,"Seki, O., Foster, G. L., Schmidt, D. N., Mackensen, A., Kawamura, K., & Pancost, R. D. (2010). Alkenone and boron-based Pliocene pCO2 records. Earth and Planetary Science Letters, 292(1-2), 201-211.",Seki 2010,FALSE,1,Category 1: (a) Weighted mean of all methods with Category 1 estimates.,FALSE,TRUE,Recalculation of all alkenone CO2 results using uniform calculation methods and comprehensive treatment of uncertainties.,TRUE,FALSE,FALSE,FALSE,,,
phytoplankton_seki_2010_p1.0.xlsx,Category 1: (a) Weighted mean of all methods with Category 1 estimates.,Phytoplankton,820,4,4,272.84,232.68,153.82,,"Seki, O., Foster, G. L., Schmidt, D. N., Mackensen, A., Kawamura, K., & Pancost, R. D. (2010). Alkenone and boron-based Pliocene pCO2 records. Earth and Planetary Science Letters, 292(1-2), 201-211.",Seki 2010,FALSE,1,Category 1: (a) Weighted mean of all methods with Category 1 estimates.,FALSE,TRUE,Recalculation of all alkenone CO2 results using uniform calculation methods and comprehensive treatment of uncertainties.,TRUE,FALSE,FALSE,FALSE,,,
phytoplankton_seki_2010_p1.0.xlsx,Category 1: (a) Weighted mean of all methods with Category 1 estimates.,Phytoplankton,1080,6,6,269.12,229.68,154.6,,"Seki, O., Foster, G. L., Schmidt, D. N., Mackensen, A., Kawamura, K., & Pancost, R. D. (2010). Alkenone and boron-based Pliocene pCO2 records. Earth and Planetary Science Letters, 292(1-2), 201-211.",Seki 2010,FALSE,1,Category 1: (a) Weighted mean of all methods with Category 1 estimates.,FALSE,TRUE,Recalculation of all alkenone CO2 results using uniform calculation methods and comprehensive treatment of uncertainties.,TRUE,FALSE,FALSE,FALSE,,,
phytoplankton_seki_2010_p1.0.xlsx,Category 1: (a) Weighted mean of all methods with Category 1 estimates.,Phytoplankton,1250,6,6,308.39,265.85,176.1,,"Seki, O., Foster, G. L., Schmidt, D. N., Mackensen, A., Kawamura, K., & Pancost, R. D. (2010). Alkenone and boron-based Pliocene pCO2 records. Earth and Planetary Science Letters, 292(1-2), 201-211.",Seki 2010,FALSE,1,Category 1: (a) Weighted mean of all methods with Category 1 estimates.,FALSE,TRUE,Recalculation of all alkenone CO2 results using uniform calculation methods and comprehensive treatment of uncertainties.,TRUE,FALSE,FALSE,FALSE,,,
phytoplankton_seki_2010_p1.0.xlsx,Category 1: (a) Weighted mean of all methods with Category 1 estimates.,Phytoplankton,1560,6,6,300.27,252.68,171.53,,"Seki, O., Foster, G. L., Schmidt, D. N., Mackensen, A., Kawamura, K., & Pancost, R. D. (2010). Alkenone and boron-based Pliocene pCO2 records. Earth and Planetary Science Letters, 292(1-2), 201-211.",Seki 2010,FALSE,1,Category 1: (a) Weighted mean of all methods with Category 1 estimates.,FALSE,TRUE,Recalculation of all alkenone CO2 results using uniform calculation methods and comprehensive treatment of uncertainties.,TRUE,FALSE,FALSE,FALSE,,,
phytoplankton_seki_2010_p1.0.xlsx,Category 1: (a) Weighted mean of all methods with Category 1 estimates.,Phytoplankton,1600,6,6,301.46,261.96,172.87,,"Seki, O., Foster, G. L., Schmidt, D. N., Mackensen, A., Kawamura, K., & Pancost, R. D. (2010). Alkenone and boron-based Pliocene pCO2 records. Earth and Planetary Science Letters, 292(1-2), 201-211.",Seki 2010,FALSE,1,Category 1: (a) Weighted mean of all methods with Category 1 estimates.,FALSE,TRUE,Recalculation of all alkenone CO2 results using uniform calculation methods and comprehensive treatment of uncertainties.,TRUE,FALSE,FALSE,FALSE,,,
phytoplankton_seki_2010_p1.0.xlsx,Category 1: (a) Weighted mean of all methods with Category 1 estimates.,Phytoplankton,1720,6,6,293.27,252.45,168.85,,"Seki, O., Foster, G. L., Schmidt, D. N., Mackensen, A., Kawamura, K., & Pancost, R. D. (2010). Alkenone and boron-based Pliocene pCO2 records. Earth and Planetary Science Letters, 292(1-2), 201-211.",Seki 2010,FALSE,1,Category 1: (a) Weighted mean of all methods with Category 1 estimates.,FALSE,TRUE,Recalculation of all alkenone CO2 results using uniform calculation methods and comprehensive treatment of uncertainties.,TRUE,FALSE,FALSE,FALSE,,,
phytoplankton_seki_2010_p1.0.xlsx,Category 1: (a) Weighted mean of all methods with Category 1 estimates.,Phytoplankton,1830,6,6,300.13,250.79,172.79,,"Seki, O., Foster, G. L., Schmidt, D. N., Mackensen, A., Kawamura, K., & Pancost, R. D. (2010). Alkenone and boron-based Pliocene pCO2 records. Earth and Planetary Science Letters, 292(1-2), 201-211.",Seki 2010,FALSE,1,Category 1: (a) Weighted mean of all methods with Category 1 estimates.,FALSE,TRUE,Recalculation of all alkenone CO2 results using uniform calculation methods and comprehensive treatment of uncertainties.,TRUE,FALSE,FALSE,FALSE,,,
phytoplankton_seki_2010_p1.0.xlsx,Category 1: (a) Weighted mean of all methods with Category 1 estimates.,Phytoplankton,1970,6,6,312.1,268.73,175.56,,"Seki, O., Foster, G. L., Schmidt, D. N., Mackensen, A., Kawamura, K., & Pancost, R. D. (2010). Alkenone and boron-based Pliocene pCO2 records. Earth and Planetary Science Letters, 292(1-2), 201-211.",Seki 2010,FALSE,1,Category 1: (a) Weighted mean of all methods with Category 1 estimates.,FALSE,TRUE,Recalculation of all alkenone CO2 results using uniform calculation methods and comprehensive treatment of uncertainties.,TRUE,FALSE,FALSE,FALSE,,,
phytoplankton_seki_2010_p1.0.xlsx,Category 1: (a) Weighted mean of all methods with Category 1 estimates.,Phytoplankton,2000,6,6,280.55,234.69,161,,"Seki, O., Foster, G. L., Schmidt, D. N., Mackensen, A., Kawamura, K., & Pancost, R. D. (2010). Alkenone and boron-based Pliocene pCO2 records. Earth and Planetary Science Letters, 292(1-2), 201-211.",Seki 2010,FALSE,1,Category 1: (a) Weighted mean of all methods with Category 1 estimates.,FALSE,TRUE,Recalculation of all alkenone CO2 results using uniform calculation methods and comprehensive treatment of uncertainties.,TRUE,FALSE,FALSE,FALSE,,,
phytoplankton_seki_2010_p1.0.xlsx,Category 1: (a) Weighted mean of all methods with Category 1 estimates.,Phytoplankton,2070,6,6,312.47,257.25,178.59,,"Seki, O., Foster, G. L., Schmidt, D. N., Mackensen, A., Kawamura, K., & Pancost, R. D. (2010). Alkenone and boron-based Pliocene pCO2 records. Earth and Planetary Science Letters, 292(1-2), 201-211.",Seki 2010,FALSE,1,Category 1: (a) Weighted mean of all methods with Category 1 estimates.,FALSE,TRUE,Recalculation of all alkenone CO2 results using uniform calculation methods and comprehensive treatment of uncertainties.,TRUE,FALSE,FALSE,FALSE,,,
phytoplankton_seki_2010_p1.0.xlsx,Category 1: (a) Weighted mean of all methods with Category 1 estimates.,Phytoplankton,2210,6,6,307.67,272.3,174.16,,"Seki, O., Foster, G. L., Schmidt, D. N., Mackensen, A., Kawamura, K., & Pancost, R. D. (2010). Alkenone and boron-based Pliocene pCO2 records. Earth and Planetary Science Letters, 292(1-2), 201-211.",Seki 2010,FALSE,1,Category 1: (a) Weighted mean of all methods with Category 1 estimates.,FALSE,TRUE,Recalculation of all alkenone CO2 results using uniform calculation methods and comprehensive treatment of uncertainties.,TRUE,FALSE,FALSE,FALSE,,,
phytoplankton_seki_2010_p1.0.xlsx,Category 1: (a) Weighted mean of all methods with Category 1 estimates.,Phytoplankton,2300,6,6,300.47,261.77,172.57,,"Seki, O., Foster, G. L., Schmidt, D. N., Mackensen, A., Kawamura, K., & Pancost, R. D. (2010). Alkenone and boron-based Pliocene pCO2 records. Earth and Planetary Science Letters, 292(1-2), 201-211.",Seki 2010,FALSE,1,Category 1: (a) Weighted mean of all methods with Category 1 estimates.,FALSE,TRUE,Recalculation of all alkenone CO2 results using uniform calculation methods and comprehensive treatment of uncertainties.,TRUE,FALSE,FALSE,FALSE,,,
phytoplankton_seki_2010_p1.0.xlsx,Category 1: (a) Weighted mean of all methods with Category 1 estimates.,Phytoplankton,2490,6,6,296.42,250.98,168.83,,"Seki, O., Foster, G. L., Schmidt, D. N., Mackensen, A., Kawamura, K., & Pancost, R. D. (2010). Alkenone and boron-based Pliocene pCO2 records. Earth and Planetary Science Letters, 292(1-2), 201-211.",Seki 2010,FALSE,1,Category 1: (a) Weighted mean of all methods with Category 1 estimates.,FALSE,TRUE,Recalculation of all alkenone CO2 results using uniform calculation methods and comprehensive treatment of uncertainties.,TRUE,FALSE,FALSE,FALSE,,,
phytoplankton_seki_2010_p1.0.xlsx,Category 1: (a) Weighted mean of all methods with Category 1 estimates.,Phytoplankton,2620,6,6,317.48,276.61,181.37,,"Seki, O., Foster, G. L., Schmidt, D. N., Mackensen, A., Kawamura, K., & Pancost, R. D. (2010). Alkenone and boron-based Pliocene pCO2 records. Earth and Planetary Science Letters, 292(1-2), 201-211.",Seki 2010,FALSE,1,Category 1: (a) Weighted mean of all methods with Category 1 estimates.,FALSE,TRUE,Recalculation of all alkenone CO2 results using uniform calculation methods and comprehensive treatment of uncertainties.,TRUE,FALSE,FALSE,FALSE,,,
boron_isotopes_martinez-boti_2015_p1.0.xlsx,all known sources of error have been quantified and/or sensitivity of the CO2 estimate to those sources is small,Boron Proxies,2347.23,6,6,369.1,85.2,73.04,,"Martínez-Botí, M. A., G. L. Foster, T. B. Chalk, E. J. Rohling, P. F. Sexton, D. J. Lunt, R. D. Pancost, M. P. S. Badger and D. N. Schmidt (2015). ""Plio-Pleistocene climate sensitivity evaluated using high-resolution CO2 records."" Nature 518(7537): 49-54.",10.1038/nature14145,TRUE,1,all known sources of error have been quantified and/or sensitivity of the CO2 estimate to those sources is small,,FALSE,,FALSE,FALSE,,FALSE,added age uncertainty based on LR04,-1.39472,-11.74306
boron_isotopes_martinez-boti_2015_p1.0.xlsx,all known sources of error have been quantified and/or sensitivity of the CO2 estimate to those sources is small,Boron Proxies,2417.17,6,6,441.68,115.13,94.29,,"Martínez-Botí, M. A., G. L. Foster, T. B. Chalk, E. J. Rohling, P. F. Sexton, D. J. Lunt, R. D. Pancost, M. P. S. Badger and D. N. Schmidt (2015). ""Plio-Pleistocene climate sensitivity evaluated using high-resolution CO2 records."" Nature 518(7537): 49-54.",10.1038/nature14145,TRUE,1,all known sources of error have been quantified and/or sensitivity of the CO2 estimate to those sources is small,,FALSE,,FALSE,FALSE,,FALSE,added age uncertainty based on LR04,-1.39472,-11.74306
boron_isotopes_martinez-boti_2015_p1.0.xlsx,all known sources of error have been quantified and/or sensitivity of the CO2 estimate to those sources is small,Boron Proxies,2498.36,6,6,422.79,97.96,84.97,,"Martínez-Botí, M. A., G. L. Foster, T. B. Chalk, E. J. Rohling, P. F. Sexton, D. J. Lunt, R. D. Pancost, M. P. S. Badger and D. N. Schmidt (2015). ""Plio-Pleistocene climate sensitivity evaluated using high-resolution CO2 records."" Nature 518(7537): 49-54.",10.1038/nature14145,TRUE,1,all known sources of error have been quantified and/or sensitivity of the CO2 estimate to those sources is small,,FALSE,,FALSE,FALSE,,FALSE,added age uncertainty based on LR04,-1.39472,-11.74306
boron_isotopes_martinez-boti_2015_p1.0.xlsx,all known sources of error have been quantified and/or sensitivity of the CO2 estimate to those sources is small,Boron Proxies,2626.14,6,6,401.93,96.27,79.14,,"Martínez-Botí, M. A., G. L. Foster, T. B. Chalk, E. J. Rohling, P. F. Sexton, D. J. Lunt, R. D. Pancost, M. P. S. Badger and D. N. Schmidt (2015). ""Plio-Pleistocene climate sensitivity evaluated using high-resolution CO2 records."" Nature 518(7537): 49-54.",10.1038/nature14145,TRUE,1,all known sources of error have been quantified and/or sensitivity of the CO2 estimate to those sources is small,,FALSE,,FALSE,FALSE,,FALSE,added age uncertainty based on LR04,-1.39472,-11.74306
boron_isotopes_sosdian_2018_p1.0.xlsx,all known sources of error have been quantified and/or sensitivity of the CO2 estimate to those sources is small,Boron Proxies,17,4,4,185.27,19.8,18.92,,"Sosdian, S.M., Greenop, R., Hain, M.P., Foster, G.L., Pearson, P.N. and Lear, C.H. (2018) Constraining the evolution of Neogene ocean carbonate chemistry using the boron isotope pH proxy. Earth and Planetary Science Letters 498, 362-376.",10.1016/j.epsl.2018.06.017,TRUE,1,all known sources of error have been quantified and/or sensitivity of the CO2 estimate to those sources is small,,FALSE,,FALSE,FALSE,,FALSE,added age uncertainty based on LR04,3.7191,-42.9084
boron_isotopes_sosdian_2018_p1.0.xlsx,all known sources of error have been quantified and/or sensitivity of the CO2 estimate to those sources is small,Boron Proxies,560,4,4,199.53,37.48,31.6,,"Sosdian, S.M., Greenop, R., Hain, M.P., Foster, G.L., Pearson, P.N. and Lear, C.H. (2018) Constraining the evolution of Neogene ocean carbonate chemistry using the boron isotope pH proxy. Earth and Planetary Science Letters 498, 362-376.",10.1016/j.epsl.2018.06.017,TRUE,1,all known sources of error have been quantified and/or sensitivity of the CO2 estimate to those sources is small,,FALSE,,FALSE,FALSE,,FALSE,added age uncertainty based on LR04,3.7191,-42.9084
boron_isotopes_sosdian_2018_p1.0.xlsx,all known sources of error have been quantified and/or sensitivity of the CO2 estimate to those sources is small,Boron Proxies,1530,6,6,189.11,30.57,25.78,,"Sosdian, S.M., Greenop, R., Hain, M.P., Foster, G.L., Pearson, P.N. and Lear, C.H. (2018) Constraining the evolution of Neogene ocean carbonate chemistry using the boron isotope pH proxy. Earth and Planetary Science Letters 498, 362-376.",10.1016/j.epsl.2018.06.017,TRUE,1,all known sources of error have been quantified and/or sensitivity of the CO2 estimate to those sources is small,,FALSE,,FALSE,FALSE,,FALSE,added age uncertainty based on LR04,3.7191,-42.9084
boron_isotopes_sosdian_2018_p1.0.xlsx,all known sources of error have been quantified and/or sensitivity of the CO2 estimate to those sources is small,Boron Proxies,1880,6,6,177.29,27.48,23.97,,"Sosdian, S.M., Greenop, R., Hain, M.P., Foster, G.L., Pearson, P.N. and Lear, C.H. (2018) Constraining the evolution of Neogene ocean carbonate chemistry using the boron isotope pH proxy. Earth and Planetary Science Letters 498, 362-376.",10.1016/j.epsl.2018.06.017,TRUE,1,all known sources of error have been quantified and/or sensitivity of the CO2 estimate to those sources is small,,FALSE,,FALSE,FALSE,,FALSE,added age uncertainty based on LR04,3.7191,-42.9084
boron_isotopes_sosdian_2018_p1.0.xlsx,all known sources of error have been quantified and/or sensitivity of the CO2 estimate to those sources is small,Boron Proxies,2210,6,6,243.86,38.49,32.23,,"Sosdian, S.M., Greenop, R., Hain, M.P., Foster, G.L., Pearson, P.N. and Lear, C.H. (2018) Constraining the evolution of Neogene ocean carbonate chemistry using the boron isotope pH proxy. Earth and Planetary Science Letters 498, 362-376.",10.1016/j.epsl.2018.06.017,TRUE,1,all known sources of error have been quantified and/or sensitivity of the CO2 estimate to those sources is small,,FALSE,,FALSE,FALSE,,FALSE,added age uncertainty based on LR04,3.7191,-42.9084
boron_isotopes_sosdian_2018_p1.0.xlsx,all known sources of error have been quantified and/or sensitivity of the CO2 estimate to those sources is small,Boron Proxies,2550,6,6,230.77,30.81,28.79,,"Sosdian, S.M., Greenop, R., Hain, M.P., Foster, G.L., Pearson, P.N. and Lear, C.H. (2018) Constraining the evolution of Neogene ocean carbonate chemistry using the boron isotope pH proxy. Earth and Planetary Science Letters 498, 362-376.",10.1016/j.epsl.2018.06.017,TRUE,1,all known sources of error have been quantified and/or sensitivity of the CO2 estimate to those sources is small,,FALSE,,FALSE,FALSE,,FALSE,added age uncertainty based on LR04,3.7191,-42.9084
boron_isotopes_sosdian_2018_p1.0.xlsx,all known sources of error have been quantified and/or sensitivity of the CO2 estimate to those sources is small,Boron Proxies,1.66,4,4,261.26,19.99,18.54,,"Sosdian, S.M., Greenop, R., Hain, M.P., Foster, G.L., Pearson, P.N. and Lear, C.H. (2018) Constraining the evolution of Neogene ocean carbonate chemistry using the boron isotope pH proxy. Earth and Planetary Science Letters 498, 362-376.",10.1016/j.epsl.2018.06.017,TRUE,1,all known sources of error have been quantified and/or sensitivity of the CO2 estimate to those sources is small,,FALSE,,FALSE,FALSE,,FALSE,added age uncertainty based on LR04,12.744,-78.7393
boron_isotopes_sosdian_2018_p1.0.xlsx,all known sources of error have been quantified and/or sensitivity of the CO2 estimate to those sources is small,Boron Proxies,930.47,4,4,246.73,24.66,22.63,,"Sosdian, S.M., Greenop, R., Hain, M.P., Foster, G.L., Pearson, P.N. and Lear, C.H. (2018) Constraining the evolution of Neogene ocean carbonate chemistry using the boron isotope pH proxy. Earth and Planetary Science Letters 498, 362-376.",10.1016/j.epsl.2018.06.017,TRUE,1,all known sources of error have been quantified and/or sensitivity of the CO2 estimate to those sources is small,,FALSE,,FALSE,FALSE,,FALSE,added age uncertainty based on LR04,12.744,-78.7393
boron_isotopes_sosdian_2018_p1.0.xlsx,all known sources of error have been quantified and/or sensitivity of the CO2 estimate to those sources is small,Boron Proxies,1426.26,6,6,215.01,25.54,22.22,,"Sosdian, S.M., Greenop, R., Hain, M.P., Foster, G.L., Pearson, P.N. and Lear, C.H. (2018) Constraining the evolution of Neogene ocean carbonate chemistry using the boron isotope pH proxy. Earth and Planetary Science Letters 498, 362-376.",10.1016/j.epsl.2018.06.017,TRUE,1,all known sources of error have been quantified and/or sensitivity of the CO2 estimate to those sources is small,,FALSE,,FALSE,FALSE,,FALSE,added age uncertainty based on LR04,12.744,-78.7393
boron_isotopes_sosdian_2018_p1.0.xlsx,all known sources of error have been quantified and/or sensitivity of the CO2 estimate to those sources is small,Boron Proxies,2019.29,6,6,364.61,50.12,44.01,,"Sosdian, S.M., Greenop, R., Hain, M.P., Foster, G.L., Pearson, P.N. and Lear, C.H. (2018) Constraining the evolution of Neogene ocean carbonate chemistry using the boron isotope pH proxy. Earth and Planetary Science Letters 498, 362-376.",10.1016/j.epsl.2018.06.017,TRUE,1,all known sources of error have been quantified and/or sensitivity of the CO2 estimate to those sources is small,,FALSE,,FALSE,FALSE,,FALSE,added age uncertainty based on LR04,12.744,-78.7393
boron_isotopes_sosdian_2018_p1.0.xlsx,all known sources of error have been quantified and/or sensitivity of the CO2 estimate to those sources is small,Boron Proxies,3.91,4,4,273.9,23.53,22.36,,"Sosdian, S.M., Greenop, R., Hain, M.P., Foster, G.L., Pearson, P.N. and Lear, C.H. (2018) Constraining the evolution of Neogene ocean carbonate chemistry using the boron isotope pH proxy. Earth and Planetary Science Letters 498, 362-376.",10.1016/j.epsl.2018.06.017,TRUE,1,all known sources of error have been quantified and/or sensitivity of the CO2 estimate to those sources is small,,FALSE,,FALSE,FALSE,,FALSE,added age uncertainties based on LR04,12.74,-78.74
boron_isotopes_sosdian_2018_p1.0.xlsx,all known sources of error have been quantified and/or sensitivity of the CO2 estimate to those sources is small,Boron Proxies,4.63,4,4,263.06,21.03,19.25,,"Sosdian, S.M., Greenop, R., Hain, M.P., Foster, G.L., Pearson, P.N. and Lear, C.H. (2018) Constraining the evolution of Neogene ocean carbonate chemistry using the boron isotope pH proxy. Earth and Planetary Science Letters 498, 362-376.",10.1016/j.epsl.2018.06.017,TRUE,1,all known sources of error have been quantified and/or sensitivity of the CO2 estimate to those sources is small,,FALSE,,FALSE,FALSE,,FALSE,added age uncertainties based on LR04,12.74,-78.74
boron_isotopes_sosdian_2018_p1.0.xlsx,all known sources of error have been quantified and/or sensitivity of the CO2 estimate to those sources is small,Boron Proxies,5.02,4,4,281.14,23.64,22.57,,"Sosdian, S.M., Greenop, R., Hain, M.P., Foster, G.L., Pearson, P.N. and Lear, C.H. (2018) Constraining the evolution of Neogene ocean carbonate chemistry using the boron isotope pH proxy. Earth and Planetary Science Letters 498, 362-376.",10.1016/j.epsl.2018.06.017,TRUE,1,all known sources of error have been quantified and/or sensitivity of the CO2 estimate to those sources is small,,FALSE,,FALSE,FALSE,,FALSE,added age uncertainties based on LR04,12.74,-78.74
boron_isotopes_sosdian_2018_p1.0.xlsx,all known sources of error have been quantified and/or sensitivity of the CO2 estimate to those sources is small,Boron Proxies,7.82,4,4,258.56,22.67,21.23,,"Sosdian, S.M., Greenop, R., Hain, M.P., Foster, G.L., Pearson, P.N. and Lear, C.H. (2018) Constraining the evolution of Neogene ocean carbonate chemistry using the boron isotope pH proxy. Earth and Planetary Science Letters 498, 362-376.",10.1016/j.epsl.2018.06.017,TRUE,1,all known sources of error have been quantified and/or sensitivity of the CO2 estimate to those sources is small,,FALSE,,FALSE,FALSE,,FALSE,added age uncertainties based on LR04,12.74,-78.74
boron_isotopes_sosdian_2018_p1.0.xlsx,all known sources of error have been quantified and/or sensitivity of the CO2 estimate to those sources is small,Boron Proxies,7.82,4,4,268.58,24.88,22.23,,"Sosdian, S.M., Greenop, R., Hain, M.P., Foster, G.L., Pearson, P.N. and Lear, C.H. (2018) Constraining the evolution of Neogene ocean carbonate chemistry using the boron isotope pH proxy. Earth and Planetary Science Letters 498, 362-376.",10.1016/j.epsl.2018.06.017,TRUE,1,all known sources of error have been quantified and/or sensitivity of the CO2 estimate to those sources is small,,FALSE,,FALSE,FALSE,,FALSE,added age uncertainties based on LR04,12.74,-78.74
boron_isotopes_sosdian_2018_p1.0.xlsx,all known sources of error have been quantified and/or sensitivity of the CO2 estimate to those sources is small,Boron Proxies,9.49,4,4,266.08,23.1,21.82,,"Sosdian, S.M., Greenop, R., Hain, M.P., Foster, G.L., Pearson, P.N. and Lear, C.H. (2018) Constraining the evolution of Neogene ocean carbonate chemistry using the boron isotope pH proxy. Earth and Planetary Science Letters 498, 362-376.",10.1016/j.epsl.2018.06.017,TRUE,1,all known sources of error have been quantified and/or sensitivity of the CO2 estimate to those sources is small,,FALSE,,FALSE,FALSE,,FALSE,added age uncertainties based on LR04,12.74,-78.74
boron_isotopes_sosdian_2018_p1.0.xlsx,all known sources of error have been quantified and/or sensitivity of the CO2 estimate to those sources is small,Boron Proxies,10.32,4,4,240.79,22.81,21.49,,"Sosdian, S.M., Greenop, R., Hain, M.P., Foster, G.L., Pearson, P.N. and Lear, C.H. (2018) Constraining the evolution of Neogene ocean carbonate chemistry using the boron isotope pH proxy. Earth and Planetary Science Letters 498, 362-376.",10.1016/j.epsl.2018.06.017,TRUE,1,all known sources of error have been quantified and/or sensitivity of the CO2 estimate to those sources is small,,FALSE,,FALSE,FALSE,,FALSE,added age uncertainties based on LR04,12.74,-78.74
boron_isotopes_sosdian_2018_p1.0.xlsx,all known sources of error have been quantified and/or sensitivity of the CO2 estimate to those sources is small,Boron Proxies,11.65,4,4,256.26,22.78,21.64,,"Sosdian, S.M., Greenop, R., Hain, M.P., Foster, G.L., Pearson, P.N. and Lear, C.H. (2018) Constraining the evolution of Neogene ocean carbonate chemistry using the boron isotope pH proxy. Earth and Planetary Science Letters 498, 362-376.",10.1016/j.epsl.2018.06.017,TRUE,1,all known sources of error have been quantified and/or sensitivity of the CO2 estimate to those sources is small,,FALSE,,FALSE,FALSE,,FALSE,added age uncertainties based on LR04,12.74,-78.74
boron_isotopes_sosdian_2018_p1.0.xlsx,all known sources of error have been quantified and/or sensitivity of the CO2 estimate to those sources is small,Boron Proxies,14.01,4,4,234.32,20.44,18.77,,"Sosdian, S.M., Greenop, R., Hain, M.P., Foster, G.L., Pearson, P.N. and Lear, C.H. (2018) Constraining the evolution of Neogene ocean carbonate chemistry using the boron isotope pH proxy. Earth and Planetary Science Letters 498, 362-376.",10.1016/j.epsl.2018.06.017,TRUE,1,all known sources of error have been quantified and/or sensitivity of the CO2 estimate to those sources is small,,FALSE,,FALSE,FALSE,,FALSE,added age uncertainties based on LR04,12.74,-78.74
boron_isotopes_sosdian_2018_p1.0.xlsx,all known sources of error have been quantified and/or sensitivity of the CO2 estimate to those sources is small,Boron Proxies,15.07,4,4,231.41,20.27,18.71,,"Sosdian, S.M., Greenop, R., Hain, M.P., Foster, G.L., Pearson, P.N. and Lear, C.H. (2018) Constraining the evolution of Neogene ocean carbonate chemistry using the boron isotope pH proxy. Earth and Planetary Science Letters 498, 362-376.",10.1016/j.epsl.2018.06.017,TRUE,1,all known sources of error have been quantified and/or sensitivity of the CO2 estimate to those sources is small,,FALSE,,FALSE,FALSE,,FALSE,added age uncertainties based on LR04,12.74,-78.74
boron_isotopes_sosdian_2018_p1.0.xlsx,all known sources of error have been quantified and/or sensitivity of the CO2 estimate to those sources is small,Boron Proxies,15.07,4,4,220.22,19.35,18.31,,"Sosdian, S.M., Greenop, R., Hain, M.P., Foster, G.L., Pearson, P.N. and Lear, C.H. (2018) Constraining the evolution of Neogene ocean carbonate chemistry using the boron isotope pH proxy. Earth and Planetary Science Letters 498, 362-376.",10.1016/j.epsl.2018.06.017,TRUE,1,all known sources of error have been quantified and/or sensitivity of the CO2 estimate to those sources is small,,FALSE,,FALSE,FALSE,,FALSE,added age uncertainties based on LR04,12.74,-78.74
boron_isotopes_sosdian_2018_p1.0.xlsx,all known sources of error have been quantified and/or sensitivity of the CO2 estimate to those sources is small,Boron Proxies,17.26,4,4,223.23,19.11,17.48,,"Sosdian, S.M., Greenop, R., Hain, M.P., Foster, G.L., Pearson, P.N. and Lear, C.H. (2018) Constraining the evolution of Neogene ocean carbonate chemistry using the boron isotope pH proxy. Earth and Planetary Science Letters 498, 362-376.",10.1016/j.epsl.2018.06.017,TRUE,1,all known sources of error have been quantified and/or sensitivity of the CO2 estimate to those sources is small,,FALSE,,FALSE,FALSE,,FALSE,added age uncertainties based on LR04,12.74,-78.74
boron_isotopes_sosdian_2018_p1.0.xlsx,all known sources of error have been quantified and/or sensitivity of the CO2 estimate to those sources is small,Boron Proxies,19.19,4,4,166.36,15.32,14.08,,"Sosdian, S.M., Greenop, R., Hain, M.P., Foster, G.L., Pearson, P.N. and Lear, C.H. (2018) Constraining the evolution of Neogene ocean carbonate chemistry using the boron isotope pH proxy. Earth and Planetary Science Letters 498, 362-376.",10.1016/j.epsl.2018.06.017,TRUE,1,all known sources of error have been quantified and/or sensitivity of the CO2 estimate to those sources is small,,FALSE,,FALSE,FALSE,,FALSE,added age uncertainties based on LR04,12.74,-78.74
boron_isotopes_sosdian_2018_p1.0.xlsx,all known sources of error have been quantified and/or sensitivity of the CO2 estimate to those sources is small,Boron Proxies,21.12,4,4,201.25,16.66,15.53,,"Sosdian, S.M., Greenop, R., Hain, M.P., Foster, G.L., Pearson, P.N. and Lear, C.H. (2018) Constraining the evolution of Neogene ocean carbonate chemistry using the boron isotope pH proxy. Earth and Planetary Science Letters 498, 362-376.",10.1016/j.epsl.2018.06.017,TRUE,1,all known sources of error have been quantified and/or sensitivity of the CO2 estimate to those sources is small,,FALSE,,FALSE,FALSE,,FALSE,added age uncertainties based on LR04,12.74,-78.74
boron_isotopes_sosdian_2018_p1.0.xlsx,all known sources of error have been quantified and/or sensitivity of the CO2 estimate to those sources is small,Boron Proxies,22.61,4,4,203.9,17.34,16.33,,"Sosdian, S.M., Greenop, R., Hain, M.P., Foster, G.L., Pearson, P.N. and Lear, C.H. (2018) Constraining the evolution of Neogene ocean carbonate chemistry using the boron isotope pH proxy. Earth and Planetary Science Letters 498, 362-376.",10.1016/j.epsl.2018.06.017,TRUE,1,all known sources of error have been quantified and/or sensitivity of the CO2 estimate to those sources is small,,FALSE,,FALSE,FALSE,,FALSE,added age uncertainties based on LR04,12.74,-78.74
boron_isotopes_sosdian_2018_p1.0.xlsx,all known sources of error have been quantified and/or sensitivity of the CO2 estimate to those sources is small,Boron Proxies,24.38,4,4,183.92,15.42,14.47,,"Sosdian, S.M., Greenop, R., Hain, M.P., Foster, G.L., Pearson, P.N. and Lear, C.H. (2018) Constraining the evolution of Neogene ocean carbonate chemistry using the boron isotope pH proxy. Earth and Planetary Science Letters 498, 362-376.",10.1016/j.epsl.2018.06.017,TRUE,1,all known sources of error have been quantified and/or sensitivity of the CO2 estimate to those sources is small,,FALSE,,FALSE,FALSE,,FALSE,added age uncertainties based on LR04,12.74,-78.74
boron_isotopes_sosdian_2018_p1.0.xlsx,all known sources of error have been quantified and/or sensitivity of the CO2 estimate to those sources is small,Boron Proxies,25.51,4,4,175.55,16.82,15.92,,"Sosdian, S.M., Greenop, R., Hain, M.P., Foster, G.L., Pearson, P.N. and Lear, C.H. (2018) Constraining the evolution of Neogene ocean carbonate chemistry using the boron isotope pH proxy. Earth and Planetary Science Letters 498, 362-376.",10.1016/j.epsl.2018.06.017,TRUE,1,all known sources of error have been quantified and/or sensitivity of the CO2 estimate to those sources is small,,FALSE,,FALSE,FALSE,,FALSE,added age uncertainties based on LR04,12.74,-78.74
boron_isotopes_sosdian_2018_p1.0.xlsx,all known sources of error have been quantified and/or sensitivity of the CO2 estimate to those sources is small,Boron Proxies,25.51,4,4,170.91,14.94,13.68,,"Sosdian, S.M., Greenop, R., Hain, M.P., Foster, G.L., Pearson, P.N. and Lear, C.H. (2018) Constraining the evolution of Neogene ocean carbonate chemistry using the boron isotope pH proxy. Earth and Planetary Science Letters 498, 362-376.",10.1016/j.epsl.2018.06.017,TRUE,1,all known sources of error have been quantified and/or sensitivity of the CO2 estimate to those sources is small,,FALSE,,FALSE,FALSE,,FALSE,added age uncertainties based on LR04,12.74,-78.74
boron_isotopes_sosdian_2018_p1.0.xlsx,all known sources of error have been quantified and/or sensitivity of the CO2 estimate to those sources is small,Boron Proxies,35.82,4,4,214.42,18.77,17.43,,"Sosdian, S.M., Greenop, R., Hain, M.P., Foster, G.L., Pearson, P.N. and Lear, C.H. (2018) Constraining the evolution of Neogene ocean carbonate chemistry using the boron isotope pH proxy. Earth and Planetary Science Letters 498, 362-376.",10.1016/j.epsl.2018.06.017,TRUE,1,all known sources of error have been quantified and/or sensitivity of the CO2 estimate to those sources is small,,FALSE,,FALSE,FALSE,,FALSE,added age uncertainties based on LR04,12.74,-78.74
boron_isotopes_sosdian_2018_p1.0.xlsx,all known sources of error have been quantified and/or sensitivity of the CO2 estimate to those sources is small,Boron Proxies,46.61,4,4,210.31,17.71,16.86,,"Sosdian, S.M., Greenop, R., Hain, M.P., Foster, G.L., Pearson, P.N. and Lear, C.H. (2018) Constraining the evolution of Neogene ocean carbonate chemistry using the boron isotope pH proxy. Earth and Planetary Science Letters 498, 362-376.",10.1016/j.epsl.2018.06.017,TRUE,1,all known sources of error have been quantified and/or sensitivity of the CO2 estimate to those sources is small,,FALSE,,FALSE,FALSE,,FALSE,added age uncertainties based on LR04,12.74,-78.74
boron_isotopes_sosdian_2018_p1.0.xlsx,all known sources of error have been quantified and/or sensitivity of the CO2 estimate to those sources is small,Boron Proxies,52.14,4,4,200.68,18.37,16.96,,"Sosdian, S.M., Greenop, R., Hain, M.P., Foster, G.L., Pearson, P.N. and Lear, C.H. (2018) Constraining the evolution of Neogene ocean carbonate chemistry using the boron isotope pH proxy. Earth and Planetary Science Letters 498, 362-376.",10.1016/j.epsl.2018.06.017,TRUE,1,all known sources of error have been quantified and/or sensitivity of the CO2 estimate to those sources is small,,FALSE,,FALSE,FALSE,,FALSE,added age uncertainties based on LR04,12.74,-78.74
boron_isotopes_sosdian_2018_p1.0.xlsx,all known sources of error have been quantified and/or sensitivity of the CO2 estimate to those sources is small,Boron Proxies,61.28,4,4,201.4,21.11,18.8,,"Sosdian, S.M., Greenop, R., Hain, M.P., Foster, G.L., Pearson, P.N. and Lear, C.H. (2018) Constraining the evolution of Neogene ocean carbonate chemistry using the boron isotope pH proxy. Earth and Planetary Science Letters 498, 362-376.",10.1016/j.epsl.2018.06.017,TRUE,1,all known sources of error have been quantified and/or sensitivity of the CO2 estimate to those sources is small,,FALSE,,FALSE,FALSE,,FALSE,added age uncertainties based on LR04,12.74,-78.74
boron_isotopes_sosdian_2018_p1.0.xlsx,all known sources of error have been quantified and/or sensitivity of the CO2 estimate to those sources is small,Boron Proxies,77.3,4,4,236.93,21.44,19.73,,"Sosdian, S.M., Greenop, R., Hain, M.P., Foster, G.L., Pearson, P.N. and Lear, C.H. (2018) Constraining the evolution of Neogene ocean carbonate chemistry using the boron isotope pH proxy. Earth and Planetary Science Letters 498, 362-376.",10.1016/j.epsl.2018.06.017,TRUE,1,all known sources of error have been quantified and/or sensitivity of the CO2 estimate to those sources is small,,FALSE,,FALSE,FALSE,,FALSE,added age uncertainties based on LR04,12.74,-78.74
boron_isotopes_sosdian_2018_p1.0.xlsx,all known sources of error have been quantified and/or sensitivity of the CO2 estimate to those sources is small,Boron Proxies,84.33,4,4,238.18,23.09,21.54,,"Sosdian, S.M., Greenop, R., Hain, M.P., Foster, G.L., Pearson, P.N. and Lear, C.H. (2018) Constraining the evolution of Neogene ocean carbonate chemistry using the boron isotope pH proxy. Earth and Planetary Science Letters 498, 362-376.",10.1016/j.epsl.2018.06.017,TRUE,1,all known sources of error have been quantified and/or sensitivity of the CO2 estimate to those sources is small,,FALSE,,FALSE,FALSE,,FALSE,added age uncertainties based on LR04,12.74,-78.74
boron_isotopes_sosdian_2018_p1.0.xlsx,all known sources of error have been quantified and/or sensitivity of the CO2 estimate to those sources is small,Boron Proxies,89.11,4,4,263.21,23.69,21.81,,"Sosdian, S.M., Greenop, R., Hain, M.P., Foster, G.L., Pearson, P.N. and Lear, C.H. (2018) Constraining the evolution of Neogene ocean carbonate chemistry using the boron isotope pH proxy. Earth and Planetary Science Letters 498, 362-376.",10.1016/j.epsl.2018.06.017,TRUE,1,all known sources of error have been quantified and/or sensitivity of the CO2 estimate to those sources is small,,FALSE,,FALSE,FALSE,,FALSE,added age uncertainties based on LR04,12.74,-78.74
boron_isotopes_sosdian_2018_p1.0.xlsx,all known sources of error have been quantified and/or sensitivity of the CO2 estimate to those sources is small,Boron Proxies,100.36,4,4,272.11,26.49,24.54,,"Sosdian, S.M., Greenop, R., Hain, M.P., Foster, G.L., Pearson, P.N. and Lear, C.H. (2018) Constraining the evolution of Neogene ocean carbonate chemistry using the boron isotope pH proxy. Earth and Planetary Science Letters 498, 362-376.",10.1016/j.epsl.2018.06.017,TRUE,1,all known sources of error have been quantified and/or sensitivity of the CO2 estimate to those sources is small,,FALSE,,FALSE,FALSE,,FALSE,added age uncertainties based on LR04,12.74,-78.74
boron_isotopes_sosdian_2018_p1.0.xlsx,all known sources of error have been quantified and/or sensitivity of the CO2 estimate to those sources is small,Boron Proxies,106.12,4,4,250.38,23.26,22.14,,"Sosdian, S.M., Greenop, R., Hain, M.P., Foster, G.L., Pearson, P.N. and Lear, C.H. (2018) Constraining the evolution of Neogene ocean carbonate chemistry using the boron isotope pH proxy. Earth and Planetary Science Letters 498, 362-376.",10.1016/j.epsl.2018.06.017,TRUE,1,all known sources of error have been quantified and/or sensitivity of the CO2 estimate to those sources is small,,FALSE,,FALSE,FALSE,,FALSE,added age uncertainties based on LR04,12.74,-78.74
boron_isotopes_sosdian_2018_p1.0.xlsx,all known sources of error have been quantified and/or sensitivity of the CO2 estimate to those sources is small,Boron Proxies,111.32,4,4,276.43,26.06,24.78,,"Sosdian, S.M., Greenop, R., Hain, M.P., Foster, G.L., Pearson, P.N. and Lear, C.H. (2018) Constraining the evolution of Neogene ocean carbonate chemistry using the boron isotope pH proxy. Earth and Planetary Science Letters 498, 362-376.",10.1016/j.epsl.2018.06.017,TRUE,1,all known sources of error have been quantified and/or sensitivity of the CO2 estimate to those sources is small,,FALSE,,FALSE,FALSE,,FALSE,added age uncertainties based on LR04,12.74,-78.74
boron_isotopes_sosdian_2018_p1.0.xlsx,all known sources of error have been quantified and/or sensitivity of the CO2 estimate to those sources is small,Boron Proxies,116.82,4,4,305.46,33.86,31.22,,"Sosdian, S.M., Greenop, R., Hain, M.P., Foster, G.L., Pearson, P.N. and Lear, C.H. (2018) Constraining the evolution of Neogene ocean carbonate chemistry using the boron isotope pH proxy. Earth and Planetary Science Letters 498, 362-376.",10.1016/j.epsl.2018.06.017,TRUE,1,all known sources of error have been quantified and/or sensitivity of the CO2 estimate to those sources is small,,FALSE,,FALSE,FALSE,,FALSE,added age uncertainties based on LR04,12.74,-78.74
boron_isotopes_sosdian_2018_p1.0.xlsx,all known sources of error have been quantified and/or sensitivity of the CO2 estimate to those sources is small,Boron Proxies,118.81,4,4,320.92,36.9,32.22,,"Sosdian, S.M., Greenop, R., Hain, M.P., Foster, G.L., Pearson, P.N. and Lear, C.H. (2018) Constraining the evolution of Neogene ocean carbonate chemistry using the boron isotope pH proxy. Earth and Planetary Science Letters 498, 362-376.",10.1016/j.epsl.2018.06.017,TRUE,1,all known sources of error have been quantified and/or sensitivity of the CO2 estimate to those sources is small,,FALSE,,FALSE,FALSE,,FALSE,added age uncertainties based on LR04,12.74,-78.74
boron_isotopes_sosdian_2018_p1.0.xlsx,all known sources of error have been quantified and/or sensitivity of the CO2 estimate to those sources is small,Boron Proxies,119.06,4,4,297.43,31.52,28.12,,"Sosdian, S.M., Greenop, R., Hain, M.P., Foster, G.L., Pearson, P.N. and Lear, C.H. (2018) Constraining the evolution of Neogene ocean carbonate chemistry using the boron isotope pH proxy. Earth and Planetary Science Letters 498, 362-376.",10.1016/j.epsl.2018.06.017,TRUE,1,all known sources of error have been quantified and/or sensitivity of the CO2 estimate to those sources is small,,FALSE,,FALSE,FALSE,,FALSE,added age uncertainties based on LR04,12.74,-78.74
boron_isotopes_sosdian_2018_p1.0.xlsx,all known sources of error have been quantified and/or sensitivity of the CO2 estimate to those sources is small,Boron Proxies,121.79,4,4,331.35,30.16,28.43,,"Sosdian, S.M., Greenop, R., Hain, M.P., Foster, G.L., Pearson, P.N. and Lear, C.H. (2018) Constraining the evolution of Neogene ocean carbonate chemistry using the boron isotope pH proxy. Earth and Planetary Science Letters 498, 362-376.",10.1016/j.epsl.2018.06.017,TRUE,1,all known sources of error have been quantified and/or sensitivity of the CO2 estimate to those sources is small,,FALSE,,FALSE,FALSE,,FALSE,added age uncertainties based on LR04,12.74,-78.74
boron_isotopes_sosdian_2018_p1.0.xlsx,all known sources of error have been quantified and/or sensitivity of the CO2 estimate to those sources is small,Boron Proxies,123.77,4,4,267.19,23.67,21.98,,"Sosdian, S.M., Greenop, R., Hain, M.P., Foster, G.L., Pearson, P.N. and Lear, C.H. (2018) Constraining the evolution of Neogene ocean carbonate chemistry using the boron isotope pH proxy. Earth and Planetary Science Letters 498, 362-376.",10.1016/j.epsl.2018.06.017,TRUE,1,all known sources of error have been quantified and/or sensitivity of the CO2 estimate to those sources is small,,FALSE,,FALSE,FALSE,,FALSE,added age uncertainties based on LR04,12.74,-78.74
boron_isotopes_sosdian_2018_p1.0.xlsx,all known sources of error have been quantified and/or sensitivity of the CO2 estimate to those sources is small,Boron Proxies,124.37,4,4,281.18,24.67,23.06,,"Sosdian, S.M., Greenop, R., Hain, M.P., Foster, G.L., Pearson, P.N. and Lear, C.H. (2018) Constraining the evolution of Neogene ocean carbonate chemistry using the boron isotope pH proxy. Earth and Planetary Science Letters 498, 362-376.",10.1016/j.epsl.2018.06.017,TRUE,1,all known sources of error have been quantified and/or sensitivity of the CO2 estimate to those sources is small,,FALSE,,FALSE,FALSE,,FALSE,added age uncertainties based on LR04,12.74,-78.74
boron_isotopes_sosdian_2018_p1.0.xlsx,all known sources of error have been quantified and/or sensitivity of the CO2 estimate to those sources is small,Boron Proxies,127.48,4,4,271.51,26.21,23.28,,"Sosdian, S.M., Greenop, R., Hain, M.P., Foster, G.L., Pearson, P.N. and Lear, C.H. (2018) Constraining the evolution of Neogene ocean carbonate chemistry using the boron isotope pH proxy. Earth and Planetary Science Letters 498, 362-376.",10.1016/j.epsl.2018.06.017,TRUE,1,all known sources of error have been quantified and/or sensitivity of the CO2 estimate to those sources is small,,FALSE,,FALSE,FALSE,,FALSE,added age uncertainties based on LR04,12.74,-78.74
boron_isotopes_sosdian_2018_p1.0.xlsx,all known sources of error have been quantified and/or sensitivity of the CO2 estimate to those sources is small,Boron Proxies,130.86,4,4,281.5,30.64,28.56,,"Sosdian, S.M., Greenop, R., Hain, M.P., Foster, G.L., Pearson, P.N. and Lear, C.H. (2018) Constraining the evolution of Neogene ocean carbonate chemistry using the boron isotope pH proxy. Earth and Planetary Science Letters 498, 362-376.",10.1016/j.epsl.2018.06.017,TRUE,1,all known sources of error have been quantified and/or sensitivity of the CO2 estimate to those sources is small,,FALSE,,FALSE,FALSE,,FALSE,added age uncertainties based on LR04,12.74,-78.74
boron_isotopes_sosdian_2018_p1.0.xlsx,all known sources of error have been quantified and/or sensitivity of the CO2 estimate to those sources is small,Boron Proxies,131.91,4,4,248.66,22.79,21.57,,"Sosdian, S.M., Greenop, R., Hain, M.P., Foster, G.L., Pearson, P.N. and Lear, C.H. (2018) Constraining the evolution of Neogene ocean carbonate chemistry using the boron isotope pH proxy. Earth and Planetary Science Letters 498, 362-376.",10.1016/j.epsl.2018.06.017,TRUE,1,all known sources of error have been quantified and/or sensitivity of the CO2 estimate to those sources is small,,FALSE,,FALSE,FALSE,,FALSE,added age uncertainties based on LR04,12.74,-78.74
boron_isotopes_sosdian_2018_p1.0.xlsx,all known sources of error have been quantified and/or sensitivity of the CO2 estimate to those sources is small,Boron Proxies,133.22,4,4,236.46,22.09,20.24,,"Sosdian, S.M., Greenop, R., Hain, M.P., Foster, G.L., Pearson, P.N. and Lear, C.H. (2018) Constraining the evolution of Neogene ocean carbonate chemistry using the boron isotope pH proxy. Earth and Planetary Science Letters 498, 362-376.",10.1016/j.epsl.2018.06.017,TRUE,1,all known sources of error have been quantified and/or sensitivity of the CO2 estimate to those sources is small,,FALSE,,FALSE,FALSE,,FALSE,added age uncertainties based on LR04,12.74,-78.74
boron_isotopes_sosdian_2018_p1.0.xlsx,all known sources of error have been quantified and/or sensitivity of the CO2 estimate to those sources is small,Boron Proxies,134,4,4,210.93,20.37,19.11,,"Sosdian, S.M., Greenop, R., Hain, M.P., Foster, G.L., Pearson, P.N. and Lear, C.H. (2018) Constraining the evolution of Neogene ocean carbonate chemistry using the boron isotope pH proxy. Earth and Planetary Science Letters 498, 362-376.",10.1016/j.epsl.2018.06.017,TRUE,1,all known sources of error have been quantified and/or sensitivity of the CO2 estimate to those sources is small,,FALSE,,FALSE,FALSE,,FALSE,added age uncertainties based on LR04,12.74,-78.74
boron_isotopes_sosdian_2018_p1.0.xlsx,all known sources of error have been quantified and/or sensitivity of the CO2 estimate to those sources is small,Boron Proxies,135.57,4,4,208.72,20.2,18.6,,"Sosdian, S.M., Greenop, R., Hain, M.P., Foster, G.L., Pearson, P.N. and Lear, C.H. (2018) Constraining the evolution of Neogene ocean carbonate chemistry using the boron isotope pH proxy. Earth and Planetary Science Letters 498, 362-376.",10.1016/j.epsl.2018.06.017,TRUE,1,all known sources of error have been quantified and/or sensitivity of the CO2 estimate to those sources is small,,FALSE,,FALSE,FALSE,,FALSE,added age uncertainties based on LR04,12.74,-78.74
boron_isotopes_sosdian_2018_p1.0.xlsx,all known sources of error have been quantified and/or sensitivity of the CO2 estimate to those sources is small,Boron Proxies,138.97,4,4,208.61,19.28,18.26,,"Sosdian, S.M., Greenop, R., Hain, M.P., Foster, G.L., Pearson, P.N. and Lear, C.H. (2018) Constraining the evolution of Neogene ocean carbonate chemistry using the boron isotope pH proxy. Earth and Planetary Science Letters 498, 362-376.",10.1016/j.epsl.2018.06.017,TRUE,1,all known sources of error have been quantified and/or sensitivity of the CO2 estimate to those sources is small,,FALSE,,FALSE,FALSE,,FALSE,added age uncertainties based on LR04,12.74,-78.74
boron_isotopes_sosdian_2018_p1.0.xlsx,all known sources of error have been quantified and/or sensitivity of the CO2 estimate to those sources is small,Boron Proxies,146.69,4,4,216.63,20.43,19.24,,"Sosdian, S.M., Greenop, R., Hain, M.P., Foster, G.L., Pearson, P.N. and Lear, C.H. (2018) Constraining the evolution of Neogene ocean carbonate chemistry using the boron isotope pH proxy. Earth and Planetary Science Letters 498, 362-376.",10.1016/j.epsl.2018.06.017,TRUE,1,all known sources of error have been quantified and/or sensitivity of the CO2 estimate to those sources is small,,FALSE,,FALSE,FALSE,,FALSE,added age uncertainties based on LR04,12.74,-78.74
boron_isotopes_sosdian_2018_p1.0.xlsx,all known sources of error have been quantified and/or sensitivity of the CO2 estimate to those sources is small,Boron Proxies,150.04,4,4,209.79,19.96,18.36,,"Sosdian, S.M., Greenop, R., Hain, M.P., Foster, G.L., Pearson, P.N. and Lear, C.H. (2018) Constraining the evolution of Neogene ocean carbonate chemistry using the boron isotope pH proxy. Earth and Planetary Science Letters 498, 362-376.",10.1016/j.epsl.2018.06.017,TRUE,1,all known sources of error have been quantified and/or sensitivity of the CO2 estimate to those sources is small,,FALSE,,FALSE,FALSE,,FALSE,added age uncertainties based on LR04,12.74,-78.74
boron_isotopes_sosdian_2018_p1.0.xlsx,all known sources of error have been quantified and/or sensitivity of the CO2 estimate to those sources is small,Boron Proxies,169.76,4,4,209.58,19.41,18.18,,"Sosdian, S.M., Greenop, R., Hain, M.P., Foster, G.L., Pearson, P.N. and Lear, C.H. (2018) Constraining the evolution of Neogene ocean carbonate chemistry using the boron isotope pH proxy. Earth and Planetary Science Letters 498, 362-376.",10.1016/j.epsl.2018.06.017,TRUE,1,all known sources of error have been quantified and/or sensitivity of the CO2 estimate to those sources is small,,FALSE,,FALSE,FALSE,,FALSE,added age uncertainties based on LR04,12.74,-78.74
boron_isotopes_sosdian_2018_p1.0.xlsx,all known sources of error have been quantified and/or sensitivity of the CO2 estimate to those sources is small,Boron Proxies,179.94,4,4,206.54,19.66,17.69,,"Sosdian, S.M., Greenop, R., Hain, M.P., Foster, G.L., Pearson, P.N. and Lear, C.H. (2018) Constraining the evolution of Neogene ocean carbonate chemistry using the boron isotope pH proxy. Earth and Planetary Science Letters 498, 362-376.",10.1016/j.epsl.2018.06.017,TRUE,1,all known sources of error have been quantified and/or sensitivity of the CO2 estimate to those sources is small,,FALSE,,FALSE,FALSE,,FALSE,added age uncertainties based on LR04,12.74,-78.74
boron_isotopes_sosdian_2018_p1.0.xlsx,all known sources of error have been quantified and/or sensitivity of the CO2 estimate to those sources is small,Boron Proxies,184.37,4,4,214.37,20.9,19.2,,"Sosdian, S.M., Greenop, R., Hain, M.P., Foster, G.L., Pearson, P.N. and Lear, C.H. (2018) Constraining the evolution of Neogene ocean carbonate chemistry using the boron isotope pH proxy. Earth and Planetary Science Letters 498, 362-376.",10.1016/j.epsl.2018.06.017,TRUE,1,all known sources of error have been quantified and/or sensitivity of the CO2 estimate to those sources is small,,FALSE,,FALSE,FALSE,,FALSE,added age uncertainties based on LR04,12.74,-78.74
boron_isotopes_sosdian_2018_p1.0.xlsx,all known sources of error have been quantified and/or sensitivity of the CO2 estimate to those sources is small,Boron Proxies,190.01,4,4,223.75,21.38,19.21,,"Sosdian, S.M., Greenop, R., Hain, M.P., Foster, G.L., Pearson, P.N. and Lear, C.H. (2018) Constraining the evolution of Neogene ocean carbonate chemistry using the boron isotope pH proxy. Earth and Planetary Science Letters 498, 362-376.",10.1016/j.epsl.2018.06.017,TRUE,1,all known sources of error have been quantified and/or sensitivity of the CO2 estimate to those sources is small,,FALSE,,FALSE,FALSE,,FALSE,added age uncertainties based on LR04,12.74,-78.74
boron_isotopes_sosdian_2018_p1.0.xlsx,all known sources of error have been quantified and/or sensitivity of the CO2 estimate to those sources is small,Boron Proxies,191.68,4,4,223.81,20.95,19.83,,"Sosdian, S.M., Greenop, R., Hain, M.P., Foster, G.L., Pearson, P.N. and Lear, C.H. (2018) Constraining the evolution of Neogene ocean carbonate chemistry using the boron isotope pH proxy. Earth and Planetary Science Letters 498, 362-376.",10.1016/j.epsl.2018.06.017,TRUE,1,all known sources of error have been quantified and/or sensitivity of the CO2 estimate to those sources is small,,FALSE,,FALSE,FALSE,,FALSE,added age uncertainties based on LR04,12.74,-78.74
boron_isotopes_sosdian_2018_p1.0.xlsx,all known sources of error have been quantified and/or sensitivity of the CO2 estimate to those sources is small,Boron Proxies,198.07,4,4,246.23,22.47,21.83,,"Sosdian, S.M., Greenop, R., Hain, M.P., Foster, G.L., Pearson, P.N. and Lear, C.H. (2018) Constraining the evolution of Neogene ocean carbonate chemistry using the boron isotope pH proxy. Earth and Planetary Science Letters 498, 362-376.",10.1016/j.epsl.2018.06.017,TRUE,1,all known sources of error have been quantified and/or sensitivity of the CO2 estimate to those sources is small,,FALSE,,FALSE,FALSE,,FALSE,added age uncertainties based on LR04,12.74,-78.74
boron_isotopes_sosdian_2018_p1.0.xlsx,all known sources of error have been quantified and/or sensitivity of the CO2 estimate to those sources is small,Boron Proxies,211.57,4,4,274.42,27.41,24.92,,"Sosdian, S.M., Greenop, R., Hain, M.P., Foster, G.L., Pearson, P.N. and Lear, C.H. (2018) Constraining the evolution of Neogene ocean carbonate chemistry using the boron isotope pH proxy. Earth and Planetary Science Letters 498, 362-376.",10.1016/j.epsl.2018.06.017,TRUE,1,all known sources of error have been quantified and/or sensitivity of the CO2 estimate to those sources is small,,FALSE,,FALSE,FALSE,,FALSE,added age uncertainties based on LR04,12.74,-78.74
boron_isotopes_sosdian_2018_p1.0.xlsx,all known sources of error have been quantified and/or sensitivity of the CO2 estimate to those sources is small,Boron Proxies,220.44,4,4,261.03,24.35,22.29,,"Sosdian, S.M., Greenop, R., Hain, M.P., Foster, G.L., Pearson, P.N. and Lear, C.H. (2018) Constraining the evolution of Neogene ocean carbonate chemistry using the boron isotope pH proxy. Earth and Planetary Science Letters 498, 362-376.",10.1016/j.epsl.2018.06.017,TRUE,1,all known sources of error have been quantified and/or sensitivity of the CO2 estimate to those sources is small,,FALSE,,FALSE,FALSE,,FALSE,added age uncertainties based on LR04,12.74,-78.74
boron_isotopes_sosdian_2018_p1.0.xlsx,all known sources of error have been quantified and/or sensitivity of the CO2 estimate to those sources is small,Boron Proxies,223.66,4,4,259.32,27.23,24.37,,"Sosdian, S.M., Greenop, R., Hain, M.P., Foster, G.L., Pearson, P.N. and Lear, C.H. (2018) Constraining the evolution of Neogene ocean carbonate chemistry using the boron isotope pH proxy. Earth and Planetary Science Letters 498, 362-376.",10.1016/j.epsl.2018.06.017,TRUE,1,all known sources of error have been quantified and/or sensitivity of the CO2 estimate to those sources is small,,FALSE,,FALSE,FALSE,,FALSE,added age uncertainties based on LR04,12.74,-78.74
boron_isotopes_sosdian_2018_p1.0.xlsx,all known sources of error have been quantified and/or sensitivity of the CO2 estimate to those sources is small,Boron Proxies,227.1,4,4,232.53,22.18,21.19,,"Sosdian, S.M., Greenop, R., Hain, M.P., Foster, G.L., Pearson, P.N. and Lear, C.H. (2018) Constraining the evolution of Neogene ocean carbonate chemistry using the boron isotope pH proxy. Earth and Planetary Science Letters 498, 362-376.",10.1016/j.epsl.2018.06.017,TRUE,1,all known sources of error have been quantified and/or sensitivity of the CO2 estimate to those sources is small,,FALSE,,FALSE,FALSE,,FALSE,added age uncertainties based on LR04,12.74,-78.74
boron_isotopes_sosdian_2018_p1.0.xlsx,all known sources of error have been quantified and/or sensitivity of the CO2 estimate to those sources is small,Boron Proxies,235.76,4,4,259.56,26.1,23.77,,"Sosdian, S.M., Greenop, R., Hain, M.P., Foster, G.L., Pearson, P.N. and Lear, C.H. (2018) Constraining the evolution of Neogene ocean carbonate chemistry using the boron isotope pH proxy. Earth and Planetary Science Letters 498, 362-376.",10.1016/j.epsl.2018.06.017,TRUE,1,all known sources of error have been quantified and/or sensitivity of the CO2 estimate to those sources is small,,FALSE,,FALSE,FALSE,,FALSE,added age uncertainties based on LR04,12.74,-78.74
boron_isotopes_sosdian_2018_p1.0.xlsx,all known sources of error have been quantified and/or sensitivity of the CO2 estimate to those sources is small,Boron Proxies,239.48,4,4,242.21,23.06,21.25,,"Sosdian, S.M., Greenop, R., Hain, M.P., Foster, G.L., Pearson, P.N. and Lear, C.H. (2018) Constraining the evolution of Neogene ocean carbonate chemistry using the boron isotope pH proxy. Earth and Planetary Science Letters 498, 362-376.",10.1016/j.epsl.2018.06.017,TRUE,1,all known sources of error have been quantified and/or sensitivity of the CO2 estimate to those sources is small,,FALSE,,FALSE,FALSE,,FALSE,added age uncertainties based on LR04,12.74,-78.74
boron_isotopes_sosdian_2018_p1.0.xlsx,all known sources of error have been quantified and/or sensitivity of the CO2 estimate to those sources is small,Boron Proxies,242.9,4,4,274.68,27.82,25.8,,"Sosdian, S.M., Greenop, R., Hain, M.P., Foster, G.L., Pearson, P.N. and Lear, C.H. (2018) Constraining the evolution of Neogene ocean carbonate chemistry using the boron isotope pH proxy. Earth and Planetary Science Letters 498, 362-376.",10.1016/j.epsl.2018.06.017,TRUE,1,all known sources of error have been quantified and/or sensitivity of the CO2 estimate to those sources is small,,FALSE,,FALSE,FALSE,,FALSE,added age uncertainties based on LR04,12.74,-78.74
boron_isotopes_sosdian_2018_p1.0.xlsx,all known sources of error have been quantified and/or sensitivity of the CO2 estimate to those sources is small,Boron Proxies,247.18,4,4,259.76,24.62,22.66,,"Sosdian, S.M., Greenop, R., Hain, M.P., Foster, G.L., Pearson, P.N. and Lear, C.H. (2018) Constraining the evolution of Neogene ocean carbonate chemistry using the boron isotope pH proxy. Earth and Planetary Science Letters 498, 362-376.",10.1016/j.epsl.2018.06.017,TRUE,1,all known sources of error have been quantified and/or sensitivity of the CO2 estimate to those sources is small,,FALSE,,FALSE,FALSE,,FALSE,added age uncertainties based on LR04,12.74,-78.74
boron_isotopes_sosdian_2018_p1.0.xlsx,all known sources of error have been quantified and/or sensitivity of the CO2 estimate to those sources is small,Boron Proxies,250.07,4,4,224.97,21.63,19.77,,"Sosdian, S.M., Greenop, R., Hain, M.P., Foster, G.L., Pearson, P.N. and Lear, C.H. (2018) Constraining the evolution of Neogene ocean carbonate chemistry using the boron isotope pH proxy. Earth and Planetary Science Letters 498, 362-376.",10.1016/j.epsl.2018.06.017,TRUE,1,all known sources of error have been quantified and/or sensitivity of the CO2 estimate to those sources is small,,FALSE,,FALSE,FALSE,,FALSE,added age uncertainties based on LR04,12.74,-78.74
boron_isotopes_sosdian_2018_p1.0.xlsx,all known sources of error have been quantified and/or sensitivity of the CO2 estimate to those sources is small,Boron Proxies,257.84,4,4,233.39,21.61,20,,"Sosdian, S.M., Greenop, R., Hain, M.P., Foster, G.L., Pearson, P.N. and Lear, C.H. (2018) Constraining the evolution of Neogene ocean carbonate chemistry using the boron isotope pH proxy. Earth and Planetary Science Letters 498, 362-376.",10.1016/j.epsl.2018.06.017,TRUE,1,all known sources of error have been quantified and/or sensitivity of the CO2 estimate to those sources is small,,FALSE,,FALSE,FALSE,,FALSE,added age uncertainties based on LR04,12.74,-78.74
boron_isotopes_sosdian_2018_p1.0.xlsx,all known sources of error have been quantified and/or sensitivity of the CO2 estimate to those sources is small,Boron Proxies,1087.26,4,4,232.86,27.37,24.96,,"Sosdian, S.M., Greenop, R., Hain, M.P., Foster, G.L., Pearson, P.N. and Lear, C.H. (2018) Constraining the evolution of Neogene ocean carbonate chemistry using the boron isotope pH proxy. Earth and Planetary Science Letters 498, 362-376.",10.1016/j.epsl.2018.06.017,TRUE,1,all known sources of error have been quantified and/or sensitivity of the CO2 estimate to those sources is small,,FALSE,,FALSE,FALSE,,FALSE,added age uncertainties based on LR04,12.74,-78.74
boron_isotopes_sosdian_2018_p1.0.xlsx,all known sources of error have been quantified and/or sensitivity of the CO2 estimate to those sources is small,Boron Proxies,1088.69,4,4,257.79,31.05,27.12,,"Sosdian, S.M., Greenop, R., Hain, M.P., Foster, G.L., Pearson, P.N. and Lear, C.H. (2018) Constraining the evolution of Neogene ocean carbonate chemistry using the boron isotope pH proxy. Earth and Planetary Science Letters 498, 362-376.",10.1016/j.epsl.2018.06.017,TRUE,1,all known sources of error have been quantified and/or sensitivity of the CO2 estimate to those sources is small,,FALSE,,FALSE,FALSE,,FALSE,added age uncertainties based on LR04,12.74,-78.74
boron_isotopes_sosdian_2018_p1.0.xlsx,all known sources of error have been quantified and/or sensitivity of the CO2 estimate to those sources is small,Boron Proxies,1090.03,4,4,223.46,24.86,22.67,,"Sosdian, S.M., Greenop, R., Hain, M.P., Foster, G.L., Pearson, P.N. and Lear, C.H. (2018) Constraining the evolution of Neogene ocean carbonate chemistry using the boron isotope pH proxy. Earth and Planetary Science Letters 498, 362-376.",10.1016/j.epsl.2018.06.017,TRUE,1,all known sources of error have been quantified and/or sensitivity of the CO2 estimate to those sources is small,,FALSE,,FALSE,FALSE,,FALSE,added age uncertainties based on LR04,12.74,-78.74
boron_isotopes_sosdian_2018_p1.0.xlsx,all known sources of error have been quantified and/or sensitivity of the CO2 estimate to those sources is small,Boron Proxies,1092.67,4,4,242.14,28.26,25.54,,"Sosdian, S.M., Greenop, R., Hain, M.P., Foster, G.L., Pearson, P.N. and Lear, C.H. (2018) Constraining the evolution of Neogene ocean carbonate chemistry using the boron isotope pH proxy. Earth and Planetary Science Letters 498, 362-376.",10.1016/j.epsl.2018.06.017,TRUE,1,all known sources of error have been quantified and/or sensitivity of the CO2 estimate to those sources is small,,FALSE,,FALSE,FALSE,,FALSE,added age uncertainties based on LR04,12.74,-78.74
boron_isotopes_sosdian_2018_p1.0.xlsx,all known sources of error have been quantified and/or sensitivity of the CO2 estimate to those sources is small,Boron Proxies,1094.71,4,4,251.16,30.96,26.88,,"Sosdian, S.M., Greenop, R., Hain, M.P., Foster, G.L., Pearson, P.N. and Lear, C.H. (2018) Constraining the evolution of Neogene ocean carbonate chemistry using the boron isotope pH proxy. Earth and Planetary Science Letters 498, 362-376.",10.1016/j.epsl.2018.06.017,TRUE,1,all known sources of error have been quantified and/or sensitivity of the CO2 estimate to those sources is small,,FALSE,,FALSE,FALSE,,FALSE,added age uncertainties based on LR04,12.74,-78.74
boron_isotopes_sosdian_2018_p1.0.xlsx,all known sources of error have been quantified and/or sensitivity of the CO2 estimate to those sources is small,Boron Proxies,1099.46,4,4,320.95,39.69,33.75,,"Sosdian, S.M., Greenop, R., Hain, M.P., Foster, G.L., Pearson, P.N. and Lear, C.H. (2018) Constraining the evolution of Neogene ocean carbonate chemistry using the boron isotope pH proxy. Earth and Planetary Science Letters 498, 362-376.",10.1016/j.epsl.2018.06.017,TRUE,1,all known sources of error have been quantified and/or sensitivity of the CO2 estimate to those sources is small,,FALSE,,FALSE,FALSE,,FALSE,added age uncertainties based on LR04,12.74,-78.74
boron_isotopes_sosdian_2018_p1.0.xlsx,all known sources of error have been quantified and/or sensitivity of the CO2 estimate to those sources is small,Boron Proxies,1102.42,4,4,301.81,36.05,32.6,,"Sosdian, S.M., Greenop, R., Hain, M.P., Foster, G.L., Pearson, P.N. and Lear, C.H. (2018) Constraining the evolution of Neogene ocean carbonate chemistry using the boron isotope pH proxy. Earth and Planetary Science Letters 498, 362-376.",10.1016/j.epsl.2018.06.017,TRUE,1,all known sources of error have been quantified and/or sensitivity of the CO2 estimate to those sources is small,,FALSE,,FALSE,FALSE,,FALSE,added age uncertainties based on LR04,12.74,-78.74
boron_isotopes_sosdian_2018_p1.0.xlsx,all known sources of error have been quantified and/or sensitivity of the CO2 estimate to those sources is small,Boron Proxies,1103.16,4,4,286.05,38.76,33.81,,"Sosdian, S.M., Greenop, R., Hain, M.P., Foster, G.L., Pearson, P.N. and Lear, C.H. (2018) Constraining the evolution of Neogene ocean carbonate chemistry using the boron isotope pH proxy. Earth and Planetary Science Letters 498, 362-376.",10.1016/j.epsl.2018.06.017,TRUE,1,all known sources of error have been quantified and/or sensitivity of the CO2 estimate to those sources is small,,FALSE,,FALSE,FALSE,,FALSE,added age uncertainties based on LR04,12.74,-78.74
boron_isotopes_sosdian_2018_p1.0.xlsx,all known sources of error have been quantified and/or sensitivity of the CO2 estimate to those sources is small,Boron Proxies,1106.2,4,4,246.55,27.48,24.84,,"Sosdian, S.M., Greenop, R., Hain, M.P., Foster, G.L., Pearson, P.N. and Lear, C.H. (2018) Constraining the evolution of Neogene ocean carbonate chemistry using the boron isotope pH proxy. Earth and Planetary Science Letters 498, 362-376.",10.1016/j.epsl.2018.06.017,TRUE,1,all known sources of error have been quantified and/or sensitivity of the CO2 estimate to those sources is small,,FALSE,,FALSE,FALSE,,FALSE,added age uncertainties based on LR04,12.74,-78.74
boron_isotopes_sosdian_2018_p1.0.xlsx,all known sources of error have been quantified and/or sensitivity of the CO2 estimate to those sources is small,Boron Proxies,1107.82,4,4,262.51,31.08,27.72,,"Sosdian, S.M., Greenop, R., Hain, M.P., Foster, G.L., Pearson, P.N. and Lear, C.H. (2018) Constraining the evolution of Neogene ocean carbonate chemistry using the boron isotope pH proxy. Earth and Planetary Science Letters 498, 362-376.",10.1016/j.epsl.2018.06.017,TRUE,1,all known sources of error have been quantified and/or sensitivity of the CO2 estimate to those sources is small,,FALSE,,FALSE,FALSE,,FALSE,added age uncertainties based on LR04,12.74,-78.74
boron_isotopes_sosdian_2018_p1.0.xlsx,all known sources of error have been quantified and/or sensitivity of the CO2 estimate to those sources is small,Boron Proxies,1110.3,4,4,284.02,33.26,30.19,,"Sosdian, S.M., Greenop, R., Hain, M.P., Foster, G.L., Pearson, P.N. and Lear, C.H. (2018) Constraining the evolution of Neogene ocean carbonate chemistry using the boron isotope pH proxy. Earth and Planetary Science Letters 498, 362-376.",10.1016/j.epsl.2018.06.017,TRUE,1,all known sources of error have been quantified and/or sensitivity of the CO2 estimate to those sources is small,,FALSE,,FALSE,FALSE,,FALSE,added age uncertainties based on LR04,12.74,-78.74
boron_isotopes_sosdian_2018_p1.0.xlsx,all known sources of error have been quantified and/or sensitivity of the CO2 estimate to those sources is small,Boron Proxies,1112.8,4,4,246.21,28.14,26.09,,"Sosdian, S.M., Greenop, R., Hain, M.P., Foster, G.L., Pearson, P.N. and Lear, C.H. (2018) Constraining the evolution of Neogene ocean carbonate chemistry using the boron isotope pH proxy. Earth and Planetary Science Letters 498, 362-376.",10.1016/j.epsl.2018.06.017,TRUE,1,all known sources of error have been quantified and/or sensitivity of the CO2 estimate to those sources is small,,FALSE,,FALSE,FALSE,,FALSE,added age uncertainties based on LR04,12.74,-78.74
boron_isotopes_sosdian_2018_p1.0.xlsx,all known sources of error have been quantified and/or sensitivity of the CO2 estimate to those sources is small,Boron Proxies,1115.26,4,4,227.64,26.65,24.04,,"Sosdian, S.M., Greenop, R., Hain, M.P., Foster, G.L., Pearson, P.N. and Lear, C.H. (2018) Constraining the evolution of Neogene ocean carbonate chemistry using the boron isotope pH proxy. Earth and Planetary Science Letters 498, 362-376.",10.1016/j.epsl.2018.06.017,TRUE,1,all known sources of error have been quantified and/or sensitivity of the CO2 estimate to those sources is small,,FALSE,,FALSE,FALSE,,FALSE,added age uncertainties based on LR04,12.74,-78.74
boron_isotopes_sosdian_2018_p1.0.xlsx,all known sources of error have been quantified and/or sensitivity of the CO2 estimate to those sources is small,Boron Proxies,1117.86,4,4,215.33,24.03,21.61,,"Sosdian, S.M., Greenop, R., Hain, M.P., Foster, G.L., Pearson, P.N. and Lear, C.H. (2018) Constraining the evolution of Neogene ocean carbonate chemistry using the boron isotope pH proxy. Earth and Planetary Science Letters 498, 362-376.",10.1016/j.epsl.2018.06.017,TRUE,1,all known sources of error have been quantified and/or sensitivity of the CO2 estimate to those sources is small,,FALSE,,FALSE,FALSE,,FALSE,added age uncertainties based on LR04,12.74,-78.74
boron_isotopes_sosdian_2018_p1.0.xlsx,all known sources of error have been quantified and/or sensitivity of the CO2 estimate to those sources is small,Boron Proxies,1120.36,4,4,248.31,27.33,24.69,,"Sosdian, S.M., Greenop, R., Hain, M.P., Foster, G.L., Pearson, P.N. and Lear, C.H. (2018) Constraining the evolution of Neogene ocean carbonate chemistry using the boron isotope pH proxy. Earth and Planetary Science Letters 498, 362-376.",10.1016/j.epsl.2018.06.017,TRUE,1,all known sources of error have been quantified and/or sensitivity of the CO2 estimate to those sources is small,,FALSE,,FALSE,FALSE,,FALSE,added age uncertainties based on LR04,12.74,-78.74
boron_isotopes_sosdian_2018_p1.0.xlsx,all known sources of error have been quantified and/or sensitivity of the CO2 estimate to those sources is small,Boron Proxies,1123.09,4,4,205.25,22.59,21.25,,"Sosdian, S.M., Greenop, R., Hain, M.P., Foster, G.L., Pearson, P.N. and Lear, C.H. (2018) Constraining the evolution of Neogene ocean carbonate chemistry using the boron isotope pH proxy. Earth and Planetary Science Letters 498, 362-376.",10.1016/j.epsl.2018.06.017,TRUE,1,all known sources of error have been quantified and/or sensitivity of the CO2 estimate to those sources is small,,FALSE,,FALSE,FALSE,,FALSE,added age uncertainties based on LR04,12.74,-78.74
boron_isotopes_sosdian_2018_p1.0.xlsx,all known sources of error have been quantified and/or sensitivity of the CO2 estimate to those sources is small,Boron Proxies,1126.06,4,4,246.43,29.02,26.76,,"Sosdian, S.M., Greenop, R., Hain, M.P., Foster, G.L., Pearson, P.N. and Lear, C.H. (2018) Constraining the evolution of Neogene ocean carbonate chemistry using the boron isotope pH proxy. Earth and Planetary Science Letters 498, 362-376.",10.1016/j.epsl.2018.06.017,TRUE,1,all known sources of error have been quantified and/or sensitivity of the CO2 estimate to those sources is small,,FALSE,,FALSE,FALSE,,FALSE,added age uncertainties based on LR04,12.74,-78.74
boron_isotopes_sosdian_2018_p1.0.xlsx,all known sources of error have been quantified and/or sensitivity of the CO2 estimate to those sources is small,Boron Proxies,1127.81,4,4,244.73,29.62,27.08,,"Sosdian, S.M., Greenop, R., Hain, M.P., Foster, G.L., Pearson, P.N. and Lear, C.H. (2018) Constraining the evolution of Neogene ocean carbonate chemistry using the boron isotope pH proxy. Earth and Planetary Science Letters 498, 362-376.",10.1016/j.epsl.2018.06.017,TRUE,1,all known sources of error have been quantified and/or sensitivity of the CO2 estimate to those sources is small,,FALSE,,FALSE,FALSE,,FALSE,added age uncertainties based on LR04,12.74,-78.74
boron_isotopes_sosdian_2018_p1.0.xlsx,all known sources of error have been quantified and/or sensitivity of the CO2 estimate to those sources is small,Boron Proxies,1130.97,4,4,249.59,28.55,25.97,,"Sosdian, S.M., Greenop, R., Hain, M.P., Foster, G.L., Pearson, P.N. and Lear, C.H. (2018) Constraining the evolution of Neogene ocean carbonate chemistry using the boron isotope pH proxy. Earth and Planetary Science Letters 498, 362-376.",10.1016/j.epsl.2018.06.017,TRUE,1,all known sources of error have been quantified and/or sensitivity of the CO2 estimate to those sources is small,,FALSE,,FALSE,FALSE,,FALSE,added age uncertainties based on LR04,12.74,-78.74
boron_isotopes_sosdian_2018_p1.0.xlsx,all known sources of error have been quantified and/or sensitivity of the CO2 estimate to those sources is small,Boron Proxies,1136.57,4,4,291.67,34.3,29.86,,"Sosdian, S.M., Greenop, R., Hain, M.P., Foster, G.L., Pearson, P.N. and Lear, C.H. (2018) Constraining the evolution of Neogene ocean carbonate chemistry using the boron isotope pH proxy. Earth and Planetary Science Letters 498, 362-376.",10.1016/j.epsl.2018.06.017,TRUE,1,all known sources of error have been quantified and/or sensitivity of the CO2 estimate to those sources is small,,FALSE,,FALSE,FALSE,,FALSE,added age uncertainties based on LR04,12.74,-78.74
boron_isotopes_sosdian_2018_p1.0.xlsx,all known sources of error have been quantified and/or sensitivity of the CO2 estimate to those sources is small,Boron Proxies,1140.03,4,4,305.43,37.85,33.23,,"Sosdian, S.M., Greenop, R., Hain, M.P., Foster, G.L., Pearson, P.N. and Lear, C.H. (2018) Constraining the evolution of Neogene ocean carbonate chemistry using the boron isotope pH proxy. Earth and Planetary Science Letters 498, 362-376.",10.1016/j.epsl.2018.06.017,TRUE,1,all known sources of error have been quantified and/or sensitivity of the CO2 estimate to those sources is small,,FALSE,,FALSE,FALSE,,FALSE,added age uncertainties based on LR04,12.74,-78.74
boron_isotopes_sosdian_2018_p1.0.xlsx,all known sources of error have been quantified and/or sensitivity of the CO2 estimate to those sources is small,Boron Proxies,1143.23,4,4,278.14,35.69,31.87,,"Sosdian, S.M., Greenop, R., Hain, M.P., Foster, G.L., Pearson, P.N. and Lear, C.H. (2018) Constraining the evolution of Neogene ocean carbonate chemistry using the boron isotope pH proxy. Earth and Planetary Science Letters 498, 362-376.",10.1016/j.epsl.2018.06.017,TRUE,1,all known sources of error have been quantified and/or sensitivity of the CO2 estimate to those sources is small,,FALSE,,FALSE,FALSE,,FALSE,added age uncertainties based on LR04,12.74,-78.74
boron_isotopes_sosdian_2018_p1.0.xlsx,all known sources of error have been quantified and/or sensitivity of the CO2 estimate to those sources is small,Boron Proxies,1145.33,4,4,295.74,38.82,33.68,,"Sosdian, S.M., Greenop, R., Hain, M.P., Foster, G.L., Pearson, P.N. and Lear, C.H. (2018) Constraining the evolution of Neogene ocean carbonate chemistry using the boron isotope pH proxy. Earth and Planetary Science Letters 498, 362-376.",10.1016/j.epsl.2018.06.017,TRUE,1,all known sources of error have been quantified and/or sensitivity of the CO2 estimate to those sources is small,,FALSE,,FALSE,FALSE,,FALSE,added age uncertainties based on LR04,12.74,-78.74
boron_isotopes_sosdian_2018_p1.0.xlsx,all known sources of error have been quantified and/or sensitivity of the CO2 estimate to those sources is small,Boron Proxies,1148.9,4,4,310.44,47.37,39.87,,"Sosdian, S.M., Greenop, R., Hain, M.P., Foster, G.L., Pearson, P.N. and Lear, C.H. (2018) Constraining the evolution of Neogene ocean carbonate chemistry using the boron isotope pH proxy. Earth and Planetary Science Letters 498, 362-376.",10.1016/j.epsl.2018.06.017,TRUE,1,all known sources of error have been quantified and/or sensitivity of the CO2 estimate to those sources is small,,FALSE,,FALSE,FALSE,,FALSE,added age uncertainties based on LR04,12.74,-78.74
boron_isotopes_sosdian_2018_p1.0.xlsx,all known sources of error have been quantified and/or sensitivity of the CO2 estimate to those sources is small,Boron Proxies,1150.94,4,4,260.5,34.06,29.86,,"Sosdian, S.M., Greenop, R., Hain, M.P., Foster, G.L., Pearson, P.N. and Lear, C.H. (2018) Constraining the evolution of Neogene ocean carbonate chemistry using the boron isotope pH proxy. Earth and Planetary Science Letters 498, 362-376.",10.1016/j.epsl.2018.06.017,TRUE,1,all known sources of error have been quantified and/or sensitivity of the CO2 estimate to those sources is small,,FALSE,,FALSE,FALSE,,FALSE,added age uncertainties based on LR04,12.74,-78.74
boron_isotopes_sosdian_2018_p1.0.xlsx,all known sources of error have been quantified and/or sensitivity of the CO2 estimate to those sources is small,Boron Proxies,1154.09,4,4,248.05,31.16,27.95,,"Sosdian, S.M., Greenop, R., Hain, M.P., Foster, G.L., Pearson, P.N. and Lear, C.H. (2018) Constraining the evolution of Neogene ocean carbonate chemistry using the boron isotope pH proxy. Earth and Planetary Science Letters 498, 362-376.",10.1016/j.epsl.2018.06.017,TRUE,1,all known sources of error have been quantified and/or sensitivity of the CO2 estimate to those sources is small,,FALSE,,FALSE,FALSE,,FALSE,added age uncertainties based on LR04,12.74,-78.74
boron_isotopes_sosdian_2018_p1.0.xlsx,all known sources of error have been quantified and/or sensitivity of the CO2 estimate to those sources is small,Boron Proxies,1157.77,4,4,299.72,38.19,34.12,,"Sosdian, S.M., Greenop, R., Hain, M.P., Foster, G.L., Pearson, P.N. and Lear, C.H. (2018) Constraining the evolution of Neogene ocean carbonate chemistry using the boron isotope pH proxy. Earth and Planetary Science Letters 498, 362-376.",10.1016/j.epsl.2018.06.017,TRUE,1,all known sources of error have been quantified and/or sensitivity of the CO2 estimate to those sources is small,,FALSE,,FALSE,FALSE,,FALSE,added age uncertainties based on LR04,12.74,-78.74
boron_isotopes_sosdian_2018_p1.0.xlsx,all known sources of error have been quantified and/or sensitivity of the CO2 estimate to those sources is small,Boron Proxies,1160.73,4,4,307.68,39.38,35.49,,"Sosdian, S.M., Greenop, R., Hain, M.P., Foster, G.L., Pearson, P.N. and Lear, C.H. (2018) Constraining the evolution of Neogene ocean carbonate chemistry using the boron isotope pH proxy. Earth and Planetary Science Letters 498, 362-376.",10.1016/j.epsl.2018.06.017,TRUE,1,all known sources of error have been quantified and/or sensitivity of the CO2 estimate to those sources is small,,FALSE,,FALSE,FALSE,,FALSE,added age uncertainties based on LR04,12.74,-78.74
boron_isotopes_sosdian_2018_p1.0.xlsx,all known sources of error have been quantified and/or sensitivity of the CO2 estimate to those sources is small,Boron Proxies,1162.85,4,4,275.14,33.12,29.23,,"Sosdian, S.M., Greenop, R., Hain, M.P., Foster, G.L., Pearson, P.N. and Lear, C.H. (2018) Constraining the evolution of Neogene ocean carbonate chemistry using the boron isotope pH proxy. Earth and Planetary Science Letters 498, 362-376.",10.1016/j.epsl.2018.06.017,TRUE,1,all known sources of error have been quantified and/or sensitivity of the CO2 estimate to those sources is small,,FALSE,,FALSE,FALSE,,FALSE,added age uncertainties based on LR04,12.74,-78.74
boron_isotopes_sosdian_2018_p1.0.xlsx,all known sources of error have been quantified and/or sensitivity of the CO2 estimate to those sources is small,Boron Proxies,1169.86,4,4,283.63,33.15,30.07,,"Sosdian, S.M., Greenop, R., Hain, M.P., Foster, G.L., Pearson, P.N. and Lear, C.H. (2018) Constraining the evolution of Neogene ocean carbonate chemistry using the boron isotope pH proxy. Earth and Planetary Science Letters 498, 362-376.",10.1016/j.epsl.2018.06.017,TRUE,1,all known sources of error have been quantified and/or sensitivity of the CO2 estimate to those sources is small,,FALSE,,FALSE,FALSE,,FALSE,added age uncertainties based on LR04,12.74,-78.74
boron_isotopes_sosdian_2018_p1.0.xlsx,all known sources of error have been quantified and/or sensitivity of the CO2 estimate to those sources is small,Boron Proxies,1177.57,4,4,273.2,33.87,30.39,,"Sosdian, S.M., Greenop, R., Hain, M.P., Foster, G.L., Pearson, P.N. and Lear, C.H. (2018) Constraining the evolution of Neogene ocean carbonate chemistry using the boron isotope pH proxy. Earth and Planetary Science Letters 498, 362-376.",10.1016/j.epsl.2018.06.017,TRUE,1,all known sources of error have been quantified and/or sensitivity of the CO2 estimate to those sources is small,,FALSE,,FALSE,FALSE,,FALSE,added age uncertainties based on LR04,12.74,-78.74
boron_isotopes_sosdian_2018_p1.0.xlsx,all known sources of error have been quantified and/or sensitivity of the CO2 estimate to those sources is small,Boron Proxies,1179.66,4,4,263.28,32.4,29.43,,"Sosdian, S.M., Greenop, R., Hain, M.P., Foster, G.L., Pearson, P.N. and Lear, C.H. (2018) Constraining the evolution of Neogene ocean carbonate chemistry using the boron isotope pH proxy. Earth and Planetary Science Letters 498, 362-376.",10.1016/j.epsl.2018.06.017,TRUE,1,all known sources of error have been quantified and/or sensitivity of the CO2 estimate to those sources is small,,FALSE,,FALSE,FALSE,,FALSE,added age uncertainties based on LR04,12.74,-78.74
boron_isotopes_sosdian_2018_p1.0.xlsx,all known sources of error have been quantified and/or sensitivity of the CO2 estimate to those sources is small,Boron Proxies,1181.75,4,4,233.36,27.09,24.5,,"Sosdian, S.M., Greenop, R., Hain, M.P., Foster, G.L., Pearson, P.N. and Lear, C.H. (2018) Constraining the evolution of Neogene ocean carbonate chemistry using the boron isotope pH proxy. Earth and Planetary Science Letters 498, 362-376.",10.1016/j.epsl.2018.06.017,TRUE,1,all known sources of error have been quantified and/or sensitivity of the CO2 estimate to those sources is small,,FALSE,,FALSE,FALSE,,FALSE,added age uncertainties based on LR04,12.74,-78.74
boron_isotopes_sosdian_2018_p1.0.xlsx,all known sources of error have been quantified and/or sensitivity of the CO2 estimate to those sources is small,Boron Proxies,1184.06,4,4,226.28,27.11,23.81,,"Sosdian, S.M., Greenop, R., Hain, M.P., Foster, G.L., Pearson, P.N. and Lear, C.H. (2018) Constraining the evolution of Neogene ocean carbonate chemistry using the boron isotope pH proxy. Earth and Planetary Science Letters 498, 362-376.",10.1016/j.epsl.2018.06.017,TRUE,1,all known sources of error have been quantified and/or sensitivity of the CO2 estimate to those sources is small,,FALSE,,FALSE,FALSE,,FALSE,added age uncertainties based on LR04,12.74,-78.74
boron_isotopes_sosdian_2018_p1.0.xlsx,all known sources of error have been quantified and/or sensitivity of the CO2 estimate to those sources is small,Boron Proxies,1185.97,4,4,257.13,30.73,28.03,,"Sosdian, S.M., Greenop, R., Hain, M.P., Foster, G.L., Pearson, P.N. and Lear, C.H. (2018) Constraining the evolution of Neogene ocean carbonate chemistry using the boron isotope pH proxy. Earth and Planetary Science Letters 498, 362-376.",10.1016/j.epsl.2018.06.017,TRUE,1,all known sources of error have been quantified and/or sensitivity of the CO2 estimate to those sources is small,,FALSE,,FALSE,FALSE,,FALSE,added age uncertainties based on LR04,12.74,-78.74
boron_isotopes_sosdian_2018_p1.0.xlsx,all known sources of error have been quantified and/or sensitivity of the CO2 estimate to those sources is small,Boron Proxies,1188.07,4,4,265.36,31.66,28.28,,"Sosdian, S.M., Greenop, R., Hain, M.P., Foster, G.L., Pearson, P.N. and Lear, C.H. (2018) Constraining the evolution of Neogene ocean carbonate chemistry using the boron isotope pH proxy. Earth and Planetary Science Letters 498, 362-376.",10.1016/j.epsl.2018.06.017,TRUE,1,all known sources of error have been quantified and/or sensitivity of the CO2 estimate to those sources is small,,FALSE,,FALSE,FALSE,,FALSE,added age uncertainties based on LR04,12.74,-78.74
boron_isotopes_sosdian_2018_p1.0.xlsx,all known sources of error have been quantified and/or sensitivity of the CO2 estimate to those sources is small,Boron Proxies,1191.31,4,4,215.8,24.29,22.66,,"Sosdian, S.M., Greenop, R., Hain, M.P., Foster, G.L., Pearson, P.N. and Lear, C.H. (2018) Constraining the evolution of Neogene ocean carbonate chemistry using the boron isotope pH proxy. Earth and Planetary Science Letters 498, 362-376.",10.1016/j.epsl.2018.06.017,TRUE,1,all known sources of error have been quantified and/or sensitivity of the CO2 estimate to those sources is small,,FALSE,,FALSE,FALSE,,FALSE,added age uncertainties based on LR04,12.74,-78.74
boron_isotopes_sosdian_2018_p1.0.xlsx,all known sources of error have been quantified and/or sensitivity of the CO2 estimate to those sources is small,Boron Proxies,1195.15,4,4,208.27,25.13,22.81,,"Sosdian, S.M., Greenop, R., Hain, M.P., Foster, G.L., Pearson, P.N. and Lear, C.H. (2018) Constraining the evolution of Neogene ocean carbonate chemistry using the boron isotope pH proxy. Earth and Planetary Science Letters 498, 362-376.",10.1016/j.epsl.2018.06.017,TRUE,1,all known sources of error have been quantified and/or sensitivity of the CO2 estimate to those sources is small,,FALSE,,FALSE,FALSE,,FALSE,added age uncertainties based on LR04,12.74,-78.74
boron_isotopes_sosdian_2018_p1.0.xlsx,all known sources of error have been quantified and/or sensitivity of the CO2 estimate to those sources is small,Boron Proxies,1203.26,4,4,195.5,22.3,20.35,,"Sosdian, S.M., Greenop, R., Hain, M.P., Foster, G.L., Pearson, P.N. and Lear, C.H. (2018) Constraining the evolution of Neogene ocean carbonate chemistry using the boron isotope pH proxy. Earth and Planetary Science Letters 498, 362-376.",10.1016/j.epsl.2018.06.017,TRUE,1,all known sources of error have been quantified and/or sensitivity of the CO2 estimate to those sources is small,,FALSE,,FALSE,FALSE,,FALSE,added age uncertainties based on LR04,12.74,-78.74
boron_isotopes_sosdian_2018_p1.0.xlsx,all known sources of error have been quantified and/or sensitivity of the CO2 estimate to those sources is small,Boron Proxies,1206.76,4,4,219.15,25.18,22.27,,"Sosdian, S.M., Greenop, R., Hain, M.P., Foster, G.L., Pearson, P.N. and Lear, C.H. (2018) Constraining the evolution of Neogene ocean carbonate chemistry using the boron isotope pH proxy. Earth and Planetary Science Letters 498, 362-376.",10.1016/j.epsl.2018.06.017,TRUE,1,all known sources of error have been quantified and/or sensitivity of the CO2 estimate to those sources is small,,FALSE,,FALSE,FALSE,,FALSE,added age uncertainties based on LR04,12.74,-78.74
boron_isotopes_sosdian_2018_p1.0.xlsx,all known sources of error have been quantified and/or sensitivity of the CO2 estimate to those sources is small,Boron Proxies,1209.99,4,4,238.88,29.19,26,,"Sosdian, S.M., Greenop, R., Hain, M.P., Foster, G.L., Pearson, P.N. and Lear, C.H. (2018) Constraining the evolution of Neogene ocean carbonate chemistry using the boron isotope pH proxy. Earth and Planetary Science Letters 498, 362-376.",10.1016/j.epsl.2018.06.017,TRUE,1,all known sources of error have been quantified and/or sensitivity of the CO2 estimate to those sources is small,,FALSE,,FALSE,FALSE,,FALSE,added age uncertainties based on LR04,12.74,-78.74
boron_isotopes_sosdian_2018_p1.0.xlsx,all known sources of error have been quantified and/or sensitivity of the CO2 estimate to those sources is small,Boron Proxies,1214.48,4,4,287.94,36.15,31.25,,"Sosdian, S.M., Greenop, R., Hain, M.P., Foster, G.L., Pearson, P.N. and Lear, C.H. (2018) Constraining the evolution of Neogene ocean carbonate chemistry using the boron isotope pH proxy. Earth and Planetary Science Letters 498, 362-376.",10.1016/j.epsl.2018.06.017,TRUE,1,all known sources of error have been quantified and/or sensitivity of the CO2 estimate to those sources is small,,FALSE,,FALSE,FALSE,,FALSE,added age uncertainties based on LR04,12.74,-78.74
boron_isotopes_sosdian_2018_p1.0.xlsx,all known sources of error have been quantified and/or sensitivity of the CO2 estimate to those sources is small,Boron Proxies,1216.42,4,4,272.15,34.24,30.64,,"Sosdian, S.M., Greenop, R., Hain, M.P., Foster, G.L., Pearson, P.N. and Lear, C.H. (2018) Constraining the evolution of Neogene ocean carbonate chemistry using the boron isotope pH proxy. Earth and Planetary Science Letters 498, 362-376.",10.1016/j.epsl.2018.06.017,TRUE,1,all known sources of error have been quantified and/or sensitivity of the CO2 estimate to those sources is small,,FALSE,,FALSE,FALSE,,FALSE,added age uncertainties based on LR04,12.74,-78.74
boron_isotopes_sosdian_2018_p1.0.xlsx,all known sources of error have been quantified and/or sensitivity of the CO2 estimate to those sources is small,Boron Proxies,1218.54,4,4,298.36,38.23,34.07,,"Sosdian, S.M., Greenop, R., Hain, M.P., Foster, G.L., Pearson, P.N. and Lear, C.H. (2018) Constraining the evolution of Neogene ocean carbonate chemistry using the boron isotope pH proxy. Earth and Planetary Science Letters 498, 362-376.",10.1016/j.epsl.2018.06.017,TRUE,1,all known sources of error have been quantified and/or sensitivity of the CO2 estimate to those sources is small,,FALSE,,FALSE,FALSE,,FALSE,added age uncertainties based on LR04,12.74,-78.74
boron_isotopes_sosdian_2018_p1.0.xlsx,all known sources of error have been quantified and/or sensitivity of the CO2 estimate to those sources is small,Boron Proxies,1224.18,4,4,255.14,33.4,29.55,,"Sosdian, S.M., Greenop, R., Hain, M.P., Foster, G.L., Pearson, P.N. and Lear, C.H. (2018) Constraining the evolution of Neogene ocean carbonate chemistry using the boron isotope pH proxy. Earth and Planetary Science Letters 498, 362-376.",10.1016/j.epsl.2018.06.017,TRUE,1,all known sources of error have been quantified and/or sensitivity of the CO2 estimate to those sources is small,,FALSE,,FALSE,FALSE,,FALSE,added age uncertainties based on LR04,12.74,-78.74
boron_isotopes_sosdian_2018_p1.0.xlsx,all known sources of error have been quantified and/or sensitivity of the CO2 estimate to those sources is small,Boron Proxies,1227.17,4,4,271.52,35.04,30.6,,"Sosdian, S.M., Greenop, R., Hain, M.P., Foster, G.L., Pearson, P.N. and Lear, C.H. (2018) Constraining the evolution of Neogene ocean carbonate chemistry using the boron isotope pH proxy. Earth and Planetary Science Letters 498, 362-376.",10.1016/j.epsl.2018.06.017,TRUE,1,all known sources of error have been quantified and/or sensitivity of the CO2 estimate to those sources is small,,FALSE,,FALSE,FALSE,,FALSE,added age uncertainties based on LR04,12.74,-78.74
boron_isotopes_sosdian_2018_p1.0.xlsx,all known sources of error have been quantified and/or sensitivity of the CO2 estimate to those sources is small,Boron Proxies,1230.72,4,4,312.45,43.09,37.1,,"Sosdian, S.M., Greenop, R., Hain, M.P., Foster, G.L., Pearson, P.N. and Lear, C.H. (2018) Constraining the evolution of Neogene ocean carbonate chemistry using the boron isotope pH proxy. Earth and Planetary Science Letters 498, 362-376.",10.1016/j.epsl.2018.06.017,TRUE,1,all known sources of error have been quantified and/or sensitivity of the CO2 estimate to those sources is small,,FALSE,,FALSE,FALSE,,FALSE,added age uncertainties based on LR04,12.74,-78.74
boron_isotopes_sosdian_2018_p1.0.xlsx,all known sources of error have been quantified and/or sensitivity of the CO2 estimate to those sources is small,Boron Proxies,1233.9,4,4,295.82,37.79,33.14,,"Sosdian, S.M., Greenop, R., Hain, M.P., Foster, G.L., Pearson, P.N. and Lear, C.H. (2018) Constraining the evolution of Neogene ocean carbonate chemistry using the boron isotope pH proxy. Earth and Planetary Science Letters 498, 362-376.",10.1016/j.epsl.2018.06.017,TRUE,1,all known sources of error have been quantified and/or sensitivity of the CO2 estimate to those sources is small,,FALSE,,FALSE,FALSE,,FALSE,added age uncertainties based on LR04,12.74,-78.74
boron_isotopes_sosdian_2018_p1.0.xlsx,all known sources of error have been quantified and/or sensitivity of the CO2 estimate to those sources is small,Boron Proxies,1236.18,4,4,262.84,31.53,27.71,,"Sosdian, S.M., Greenop, R., Hain, M.P., Foster, G.L., Pearson, P.N. and Lear, C.H. (2018) Constraining the evolution of Neogene ocean carbonate chemistry using the boron isotope pH proxy. Earth and Planetary Science Letters 498, 362-376.",10.1016/j.epsl.2018.06.017,TRUE,1,all known sources of error have been quantified and/or sensitivity of the CO2 estimate to those sources is small,,FALSE,,FALSE,FALSE,,FALSE,added age uncertainties based on LR04,12.74,-78.74
boron_isotopes_sosdian_2018_p1.0.xlsx,all known sources of error have been quantified and/or sensitivity of the CO2 estimate to those sources is small,Boron Proxies,1239.83,4,4,269.3,33.06,29.43,,"Sosdian, S.M., Greenop, R., Hain, M.P., Foster, G.L., Pearson, P.N. and Lear, C.H. (2018) Constraining the evolution of Neogene ocean carbonate chemistry using the boron isotope pH proxy. Earth and Planetary Science Letters 498, 362-376.",10.1016/j.epsl.2018.06.017,TRUE,1,all known sources of error have been quantified and/or sensitivity of the CO2 estimate to those sources is small,,FALSE,,FALSE,FALSE,,FALSE,added age uncertainties based on LR04,12.74,-78.74
boron_isotopes_sosdian_2018_p1.0.xlsx,all known sources of error have been quantified and/or sensitivity of the CO2 estimate to those sources is small,Boron Proxies,1243.25,4,4,292.57,34.63,30.69,,"Sosdian, S.M., Greenop, R., Hain, M.P., Foster, G.L., Pearson, P.N. and Lear, C.H. (2018) Constraining the evolution of Neogene ocean carbonate chemistry using the boron isotope pH proxy. Earth and Planetary Science Letters 498, 362-376.",10.1016/j.epsl.2018.06.017,TRUE,1,all known sources of error have been quantified and/or sensitivity of the CO2 estimate to those sources is small,,FALSE,,FALSE,FALSE,,FALSE,added age uncertainties based on LR04,12.74,-78.74
boron_isotopes_sosdian_2018_p1.0.xlsx,all known sources of error have been quantified and/or sensitivity of the CO2 estimate to those sources is small,Boron Proxies,2368.61,6,6,429.64,82.6,66.86,,"Sosdian, S.M., Greenop, R., Hain, M.P., Foster, G.L., Pearson, P.N. and Lear, C.H. (2018) Constraining the evolution of Neogene ocean carbonate chemistry using the boron isotope pH proxy. Earth and Planetary Science Letters 498, 362-376.",10.1016/j.epsl.2018.06.017,FALSE,1,all known sources of error have been quantified and/or sensitivity of the CO2 estimate to those sources is small,,TRUE,recalculated to match superseding data set of de la Vega 2020; this single data point was not include in that study,FALSE,FALSE,,TRUE,"added age uncertainty based on LR04, recalculated age following updated age model of de la Vega et al. 2020",12.75,-78.73
boron_isotopes_dyez_2018_p1.0.xlsx,all known sources of error have been quantified and/or sensitivity of the CO2 estimate to those sources is small,Boron Proxies,1384,6,6,213.78,20.92,20.27,,"Dyez, K.A., Hönisch, B. and Schmidt, G.A. (2018) Early Pleistocene Obliquity-Scale pCO2 Variability at ~1.5 Million Years Ago. Paleoceanography and Paleoclimatology 33",10.1029/2018PA003349,FALSE,1,all known sources of error have been quantified and/or sensitivity of the CO2 estimate to those sources is small,,TRUE,updated error calculation using per sample uncertainties,TRUE,FALSE,,FALSE,added age uncertainty based on LR04,4.7705,-20.927
boron_isotopes_dyez_2018_p1.0.xlsx,all known sources of error have been quantified and/or sensitivity of the CO2 estimate to those sources is small,Boron Proxies,1392.67,6,6,282.13,34.23,32.13,,"Dyez, K.A., Hönisch, B. and Schmidt, G.A. (2018) Early Pleistocene Obliquity-Scale pCO2 Variability at ~1.5 Million Years Ago. Paleoceanography and Paleoclimatology 33",10.1029/2018PA003349,FALSE,1,all known sources of error have been quantified and/or sensitivity of the CO2 estimate to those sources is small,,TRUE,updated error calculation using per sample uncertainties,TRUE,FALSE,,FALSE,added age uncertainty based on LR04,4.7705,-20.927
boron_isotopes_dyez_2018_p1.0.xlsx,all known sources of error have been quantified and/or sensitivity of the CO2 estimate to those sources is small,Boron Proxies,1397.33,6,6,271.13,27.41,26.21,,"Dyez, K.A., Hönisch, B. and Schmidt, G.A. (2018) Early Pleistocene Obliquity-Scale pCO2 Variability at ~1.5 Million Years Ago. Paleoceanography and Paleoclimatology 33",10.1029/2018PA003349,FALSE,1,all known sources of error have been quantified and/or sensitivity of the CO2 estimate to those sources is small,,TRUE,updated error calculation using per sample uncertainties,TRUE,FALSE,,FALSE,added age uncertainty based on LR04,4.7705,-20.927
boron_isotopes_dyez_2018_p1.0.xlsx,all known sources of error have been quantified and/or sensitivity of the CO2 estimate to those sources is small,Boron Proxies,1402,6,6,320.14,37.96,35.12,,"Dyez, K.A., Hönisch, B. and Schmidt, G.A. (2018) Early Pleistocene Obliquity-Scale pCO2 Variability at ~1.5 Million Years Ago. Paleoceanography and Paleoclimatology 33",10.1029/2018PA003349,FALSE,1,all known sources of error have been quantified and/or sensitivity of the CO2 estimate to those sources is small,,TRUE,updated error calculation using per sample uncertainties,TRUE,FALSE,,FALSE,added age uncertainty based on LR04,4.7705,-20.927
boron_isotopes_dyez_2018_p1.0.xlsx,all known sources of error have been quantified and/or sensitivity of the CO2 estimate to those sources is small,Boron Proxies,1408,6,6,326.76,57.86,50.61,,"Dyez, K.A., Hönisch, B. and Schmidt, G.A. (2018) Early Pleistocene Obliquity-Scale pCO2 Variability at ~1.5 Million Years Ago. Paleoceanography and Paleoclimatology 37",10.1029/2018PA003349,FALSE,1,all known sources of error have been quantified and/or sensitivity of the CO2 estimate to those sources is small,,TRUE,updated error calculation using per sample uncertainties,TRUE,FALSE,,FALSE,added age uncertainty based on LR04,4.7705,-20.927
boron_isotopes_dyez_2018_p1.0.xlsx,all known sources of error have been quantified and/or sensitivity of the CO2 estimate to those sources is small,Boron Proxies,1414,6,6,260.39,26.7,25.56,,"Dyez, K.A., Hönisch, B. and Schmidt, G.A. (2018) Early Pleistocene Obliquity-Scale pCO2 Variability at ~1.5 Million Years Ago. Paleoceanography and Paleoclimatology 38",10.1029/2018PA003349,FALSE,1,all known sources of error have been quantified and/or sensitivity of the CO2 estimate to those sources is small,,TRUE,updated error calculation using per sample uncertainties,TRUE,FALSE,,FALSE,added age uncertainty based on LR04,4.7705,-20.927
boron_isotopes_dyez_2018_p1.0.xlsx,all known sources of error have been quantified and/or sensitivity of the CO2 estimate to those sources is small,Boron Proxies,1420,6,6,200.67,23.4,22.34,,"Dyez, K.A., Hönisch, B. and Schmidt, G.A. (2018) Early Pleistocene Obliquity-Scale pCO2 Variability at ~1.5 Million Years Ago. Paleoceanography and Paleoclimatology 39",10.1029/2018PA003349,FALSE,1,all known sources of error have been quantified and/or sensitivity of the CO2 estimate to those sources is small,,TRUE,updated error calculation using per sample uncertainties,TRUE,FALSE,,FALSE,added age uncertainty based on LR04,4.7705,-20.927
boron_isotopes_dyez_2018_p1.0.xlsx,all known sources of error have been quantified and/or sensitivity of the CO2 estimate to those sources is small,Boron Proxies,1425.17,6,6,234.17,24.27,23.29,,"Dyez, K.A., Hönisch, B. and Schmidt, G.A. (2018) Early Pleistocene Obliquity-Scale pCO2 Variability at ~1.5 Million Years Ago. Paleoceanography and Paleoclimatology 40",10.1029/2018PA003349,FALSE,1,all known sources of error have been quantified and/or sensitivity of the CO2 estimate to those sources is small,,TRUE,updated error calculation using per sample uncertainties,TRUE,FALSE,,FALSE,added age uncertainty based on LR04,4.7705,-20.927
boron_isotopes_dyez_2018_p1.0.xlsx,all known sources of error have been quantified and/or sensitivity of the CO2 estimate to those sources is small,Boron Proxies,1430.33,6,6,225.69,26.35,24.99,,"Dyez, K.A., Hönisch, B. and Schmidt, G.A. (2018) Early Pleistocene Obliquity-Scale pCO2 Variability at ~1.5 Million Years Ago. Paleoceanography and Paleoclimatology 41",10.1029/2018PA003349,FALSE,1,all known sources of error have been quantified and/or sensitivity of the CO2 estimate to those sources is small,,TRUE,updated error calculation using per sample uncertainties,TRUE,FALSE,,FALSE,added age uncertainty based on LR04,4.7705,-20.927
boron_isotopes_dyez_2018_p1.0.xlsx,all known sources of error have been quantified and/or sensitivity of the CO2 estimate to those sources is small,Boron Proxies,1435.5,6,6,241.79,44.36,38.8,,"Dyez, K.A., Hönisch, B. and Schmidt, G.A. (2018) Early Pleistocene Obliquity-Scale pCO2 Variability at ~1.5 Million Years Ago. Paleoceanography and Paleoclimatology 42",10.1029/2018PA003349,FALSE,1,all known sources of error have been quantified and/or sensitivity of the CO2 estimate to those sources is small,,TRUE,updated error calculation using per sample uncertainties,TRUE,FALSE,,FALSE,added age uncertainty based on LR04,4.7705,-20.927
boron_isotopes_dyez_2018_p1.0.xlsx,all known sources of error have been quantified and/or sensitivity of the CO2 estimate to those sources is small,Boron Proxies,1440.67,6,6,284.8,30.63,29.1,,"Dyez, K.A., Hönisch, B. and Schmidt, G.A. (2018) Early Pleistocene Obliquity-Scale pCO2 Variability at ~1.5 Million Years Ago. Paleoceanography and Paleoclimatology 43",10.1029/2018PA003349,FALSE,1,all known sources of error have been quantified and/or sensitivity of the CO2 estimate to those sources is small,,TRUE,updated error calculation using per sample uncertainties,TRUE,FALSE,,FALSE,added age uncertainty based on LR04,4.7705,-20.927
boron_isotopes_dyez_2018_p1.0.xlsx,all known sources of error have been quantified and/or sensitivity of the CO2 estimate to those sources is small,Boron Proxies,1445.83,6,6,286.57,35.2,32.99,,"Dyez, K.A., Hönisch, B. and Schmidt, G.A. (2018) Early Pleistocene Obliquity-Scale pCO2 Variability at ~1.5 Million Years Ago. Paleoceanography and Paleoclimatology 44",10.1029/2018PA003349,FALSE,1,all known sources of error have been quantified and/or sensitivity of the CO2 estimate to those sources is small,,TRUE,updated error calculation using per sample uncertainties,TRUE,FALSE,,FALSE,added age uncertainty based on LR04,4.7705,-20.927
boron_isotopes_dyez_2018_p1.0.xlsx,all known sources of error have been quantified and/or sensitivity of the CO2 estimate to those sources is small,Boron Proxies,1451.03,6,6,256.37,44.71,39.48,,"Dyez, K.A., Hönisch, B. and Schmidt, G.A. (2018) Early Pleistocene Obliquity-Scale pCO2 Variability at ~1.5 Million Years Ago. Paleoceanography and Paleoclimatology 45",10.1029/2018PA003349,FALSE,1,all known sources of error have been quantified and/or sensitivity of the CO2 estimate to those sources is small,,TRUE,updated error calculation using per sample uncertainties,TRUE,FALSE,,FALSE,added age uncertainty based on LR04,4.7705,-20.927
boron_isotopes_dyez_2018_p1.0.xlsx,all known sources of error have been quantified and/or sensitivity of the CO2 estimate to those sources is small,Boron Proxies,1455.52,6,6,237.01,25.64,24.5,,"Dyez, K.A., Hönisch, B. and Schmidt, G.A. (2018) Early Pleistocene Obliquity-Scale pCO2 Variability at ~1.5 Million Years Ago. Paleoceanography and Paleoclimatology 46",10.1029/2018PA003349,FALSE,1,all known sources of error have been quantified and/or sensitivity of the CO2 estimate to those sources is small,,TRUE,updated error calculation using per sample uncertainties,TRUE,FALSE,,FALSE,added age uncertainty based on LR04,4.7705,-20.927
boron_isotopes_dyez_2018_p1.0.xlsx,all known sources of error have been quantified and/or sensitivity of the CO2 estimate to those sources is small,Boron Proxies,1459.38,6,6,260.6,27.42,26.21,,"Dyez, K.A., Hönisch, B. and Schmidt, G.A. (2018) Early Pleistocene Obliquity-Scale pCO2 Variability at ~1.5 Million Years Ago. Paleoceanography and Paleoclimatology 47",10.1029/2018PA003349,FALSE,1,all known sources of error have been quantified and/or sensitivity of the CO2 estimate to those sources is small,,TRUE,updated error calculation using per sample uncertainties,TRUE,FALSE,,FALSE,added age uncertainty based on LR04,4.7705,-20.927
boron_isotopes_dyez_2018_p1.0.xlsx,all known sources of error have been quantified and/or sensitivity of the CO2 estimate to those sources is small,Boron Proxies,1464.52,6,6,248.79,25.03,24.04,,"Dyez, K.A., Hönisch, B. and Schmidt, G.A. (2018) Early Pleistocene Obliquity-Scale pCO2 Variability at ~1.5 Million Years Ago. Paleoceanography and Paleoclimatology 48",10.1029/2018PA003349,FALSE,1,all known sources of error have been quantified and/or sensitivity of the CO2 estimate to those sources is small,,TRUE,updated error calculation using per sample uncertainties,TRUE,FALSE,,FALSE,added age uncertainty based on LR04,4.7705,-20.927
boron_isotopes_dyez_2018_p1.0.xlsx,all known sources of error have been quantified and/or sensitivity of the CO2 estimate to those sources is small,Boron Proxies,1473.51,6,6,278.44,28.13,26.81,,"Dyez, K.A., Hönisch, B. and Schmidt, G.A. (2018) Early Pleistocene Obliquity-Scale pCO2 Variability at ~1.5 Million Years Ago. Paleoceanography and Paleoclimatology 49",10.1029/2018PA003349,FALSE,1,all known sources of error have been quantified and/or sensitivity of the CO2 estimate to those sources is small,,TRUE,updated error calculation using per sample uncertainties,TRUE,FALSE,,FALSE,added age uncertainty based on LR04,4.7705,-20.927
boron_isotopes_dyez_2018_p1.0.xlsx,all known sources of error have been quantified and/or sensitivity of the CO2 estimate to those sources is small,Boron Proxies,1478.01,6,6,271.81,27.58,26.35,,"Dyez, K.A., Hönisch, B. and Schmidt, G.A. (2018) Early Pleistocene Obliquity-Scale pCO2 Variability at ~1.5 Million Years Ago. Paleoceanography and Paleoclimatology 50",10.1029/2018PA003349,FALSE,1,all known sources of error have been quantified and/or sensitivity of the CO2 estimate to those sources is small,,TRUE,updated error calculation using per sample uncertainties,TRUE,FALSE,,FALSE,added age uncertainty based on LR04,4.7705,-20.927
boron_isotopes_dyez_2018_p1.0.xlsx,all known sources of error have been quantified and/or sensitivity of the CO2 estimate to those sources is small,Boron Proxies,1482.5,6,6,226.46,21.92,21.12,,"Dyez, K.A., Hönisch, B. and Schmidt, G.A. (2018) Early Pleistocene Obliquity-Scale pCO2 Variability at ~1.5 Million Years Ago. Paleoceanography and Paleoclimatology 51",10.1029/2018PA003349,FALSE,1,all known sources of error have been quantified and/or sensitivity of the CO2 estimate to those sources is small,,TRUE,updated error calculation using per sample uncertainties,TRUE,FALSE,,FALSE,added age uncertainty based on LR04,4.7705,-20.927
boron_isotopes_dyez_2018_p1.0.xlsx,all known sources of error have been quantified and/or sensitivity of the CO2 estimate to those sources is small,Boron Proxies,1490,6,6,292.14,29.75,28.35,,"Dyez, K.A., Hönisch, B. and Schmidt, G.A. (2018) Early Pleistocene Obliquity-Scale pCO2 Variability at ~1.5 Million Years Ago. Paleoceanography and Paleoclimatology 52",10.1029/2018PA003349,FALSE,1,all known sources of error have been quantified and/or sensitivity of the CO2 estimate to those sources is small,,TRUE,updated error calculation using per sample uncertainties,TRUE,FALSE,,FALSE,added age uncertainty based on LR04,4.7705,-20.927
boron_isotopes_dyez_2018_p1.0.xlsx,all known sources of error have been quantified and/or sensitivity of the CO2 estimate to those sources is small,Boron Proxies,1493,6,6,214.47,20.98,20.3,,"Dyez, K.A., Hönisch, B. and Schmidt, G.A. (2018) Early Pleistocene Obliquity-Scale pCO2 Variability at ~1.5 Million Years Ago. Paleoceanography and Paleoclimatology 53",10.1029/2018PA003349,FALSE,1,all known sources of error have been quantified and/or sensitivity of the CO2 estimate to those sources is small,,TRUE,updated error calculation using per sample uncertainties,TRUE,FALSE,,FALSE,added age uncertainty based on LR04,4.7705,-20.927
boron_isotopes_dyez_2018_p1.0.xlsx,all known sources of error have been quantified and/or sensitivity of the CO2 estimate to those sources is small,Boron Proxies,1496.43,6,6,200.9,20.32,19.6,,"Dyez, K.A., Hönisch, B. and Schmidt, G.A. (2018) Early Pleistocene Obliquity-Scale pCO2 Variability at ~1.5 Million Years Ago. Paleoceanography and Paleoclimatology 54",10.1029/2018PA003349,FALSE,1,all known sources of error have been quantified and/or sensitivity of the CO2 estimate to those sources is small,,TRUE,updated error calculation using per sample uncertainties,TRUE,FALSE,,FALSE,added age uncertainty based on LR04,4.7705,-20.927
boron_isotopes_dyez_2018_p1.0.xlsx,all known sources of error have been quantified and/or sensitivity of the CO2 estimate to those sources is small,Boron Proxies,1499,6,6,223.7,20.78,20.08,,"Dyez, K.A., Hönisch, B. and Schmidt, G.A. (2018) Early Pleistocene Obliquity-Scale pCO2 Variability at ~1.5 Million Years Ago. Paleoceanography and Paleoclimatology 55",10.1029/2018PA003349,FALSE,1,all known sources of error have been quantified and/or sensitivity of the CO2 estimate to those sources is small,,TRUE,updated error calculation using per sample uncertainties,TRUE,FALSE,,FALSE,added age uncertainty based on LR04,4.7705,-20.927
boron_isotopes_dyez_2018_p1.0.xlsx,all known sources of error have been quantified and/or sensitivity of the CO2 estimate to those sources is small,Boron Proxies,1502.33,6,6,182.85,18.23,17.88,,"Dyez, K.A., Hönisch, B. and Schmidt, G.A. (2018) Early Pleistocene Obliquity-Scale pCO2 Variability at ~1.5 Million Years Ago. Paleoceanography and Paleoclimatology 56",10.1029/2018PA003349,FALSE,1,all known sources of error have been quantified and/or sensitivity of the CO2 estimate to those sources is small,,TRUE,updated error calculation using per sample uncertainties,TRUE,FALSE,,FALSE,added age uncertainty based on LR04,4.7705,-20.927
boron_isotopes_dyez_2018_p1.0.xlsx,all known sources of error have been quantified and/or sensitivity of the CO2 estimate to those sources is small,Boron Proxies,1505.67,6,6,249,23.88,22.96,,"Dyez, K.A., Hönisch, B. and Schmidt, G.A. (2018) Early Pleistocene Obliquity-Scale pCO2 Variability at ~1.5 Million Years Ago. Paleoceanography and Paleoclimatology 57",10.1029/2018PA003349,FALSE,1,all known sources of error have been quantified and/or sensitivity of the CO2 estimate to those sources is small,,TRUE,updated error calculation using per sample uncertainties,TRUE,FALSE,,FALSE,added age uncertainty based on LR04,4.7705,-20.927
boron_isotopes_dyez_2018_p1.0.xlsx,all known sources of error have been quantified and/or sensitivity of the CO2 estimate to those sources is small,Boron Proxies,1509,6,6,276.55,28.99,27.65,,"Dyez, K.A., Hönisch, B. and Schmidt, G.A. (2018) Early Pleistocene Obliquity-Scale pCO2 Variability at ~1.5 Million Years Ago. Paleoceanography and Paleoclimatology 58",10.1029/2018PA003349,FALSE,1,all known sources of error have been quantified and/or sensitivity of the CO2 estimate to those sources is small,,TRUE,updated error calculation using per sample uncertainties,TRUE,FALSE,,FALSE,added age uncertainty based on LR04,4.7705,-20.927
boron_isotopes_dyez_2018_p1.0.xlsx,all known sources of error have been quantified and/or sensitivity of the CO2 estimate to those sources is small,Boron Proxies,1512.33,6,6,223.16,22.89,22.01,,"Dyez, K.A., Hönisch, B. and Schmidt, G.A. (2018) Early Pleistocene Obliquity-Scale pCO2 Variability at ~1.5 Million Years Ago. Paleoceanography and Paleoclimatology 59",10.1029/2018PA003349,FALSE,1,all known sources of error have been quantified and/or sensitivity of the CO2 estimate to those sources is small,,TRUE,updated error calculation using per sample uncertainties,TRUE,FALSE,,FALSE,added age uncertainty based on LR04,4.7705,-20.927
boron_isotopes_dyez_2018_p1.0.xlsx,all known sources of error have been quantified and/or sensitivity of the CO2 estimate to those sources is small,Boron Proxies,1515.67,6,6,298.81,32.32,30.53,,"Dyez, K.A., Hönisch, B. and Schmidt, G.A. (2018) Early Pleistocene Obliquity-Scale pCO2 Variability at ~1.5 Million Years Ago. Paleoceanography and Paleoclimatology 60",10.1029/2018PA003349,FALSE,1,all known sources of error have been quantified and/or sensitivity of the CO2 estimate to those sources is small,,TRUE,updated error calculation using per sample uncertainties,TRUE,FALSE,,FALSE,added age uncertainty based on LR04,4.7705,-20.927
boron_isotopes_dyez_2018_p1.0.xlsx,all known sources of error have been quantified and/or sensitivity of the CO2 estimate to those sources is small,Boron Proxies,1519,6,6,277.84,29.79,28.34,,"Dyez, K.A., Hönisch, B. and Schmidt, G.A. (2018) Early Pleistocene Obliquity-Scale pCO2 Variability at ~1.5 Million Years Ago. Paleoceanography and Paleoclimatology 61",10.1029/2018PA003349,FALSE,1,all known sources of error have been quantified and/or sensitivity of the CO2 estimate to those sources is small,,TRUE,updated error calculation using per sample uncertainties,TRUE,FALSE,,FALSE,added age uncertainty based on LR04,4.7705,-20.927
boron_isotopes_dyez_2018_p1.0.xlsx,all known sources of error have been quantified and/or sensitivity of the CO2 estimate to those sources is small,Boron Proxies,1522.33,6,6,283.56,33.3,31.39,,"Dyez, K.A., Hönisch, B. and Schmidt, G.A. (2018) Early Pleistocene Obliquity-Scale pCO2 Variability at ~1.5 Million Years Ago. Paleoceanography and Paleoclimatology 62",10.1029/2018PA003349,FALSE,1,all known sources of error have been quantified and/or sensitivity of the CO2 estimate to those sources is small,,TRUE,updated error calculation using per sample uncertainties,TRUE,FALSE,,FALSE,added age uncertainty based on LR04,4.7705,-20.927
boron_isotopes_dyez_2018_p1.0.xlsx,all known sources of error have been quantified and/or sensitivity of the CO2 estimate to those sources is small,Boron Proxies,1525.67,6,6,305.85,31.34,29.69,,"Dyez, K.A., Hönisch, B. and Schmidt, G.A. (2018) Early Pleistocene Obliquity-Scale pCO2 Variability at ~1.5 Million Years Ago. Paleoceanography and Paleoclimatology 63",10.1029/2018PA003349,FALSE,1,all known sources of error have been quantified and/or sensitivity of the CO2 estimate to those sources is small,,TRUE,updated error calculation using per sample uncertainties,TRUE,FALSE,,FALSE,added age uncertainty based on LR04,4.7705,-20.927
boron_isotopes_dyez_2018_p1.0.xlsx,all known sources of error have been quantified and/or sensitivity of the CO2 estimate to those sources is small,Boron Proxies,1529,6,6,255.74,24.38,23.44,,"Dyez, K.A., Hönisch, B. and Schmidt, G.A. (2018) Early Pleistocene Obliquity-Scale pCO2 Variability at ~1.5 Million Years Ago. Paleoceanography and Paleoclimatology 64",10.1029/2018PA003349,FALSE,1,all known sources of error have been quantified and/or sensitivity of the CO2 estimate to those sources is small,,TRUE,updated error calculation using per sample uncertainties,TRUE,FALSE,,FALSE,added age uncertainty based on LR04,4.7705,-20.927
boron_isotopes_dyez_2018_p1.0.xlsx,all known sources of error have been quantified and/or sensitivity of the CO2 estimate to those sources is small,Boron Proxies,1535.67,6,6,295.46,31.54,29.82,,"Dyez, K.A., Hönisch, B. and Schmidt, G.A. (2018) Early Pleistocene Obliquity-Scale pCO2 Variability at ~1.5 Million Years Ago. Paleoceanography and Paleoclimatology 65",10.1029/2018PA003349,FALSE,1,all known sources of error have been quantified and/or sensitivity of the CO2 estimate to those sources is small,,TRUE,updated error calculation using per sample uncertainties,TRUE,FALSE,,FALSE,added age uncertainty based on LR04,4.7705,-20.927
boron_isotopes_dyez_2018_p1.0.xlsx,all known sources of error have been quantified and/or sensitivity of the CO2 estimate to those sources is small,Boron Proxies,3.6,4,4,262.97,33.26,31,,"Dyez, K.A., Hönisch, B. and Schmidt, G.A. (2018) Early Pleistocene Obliquity-Scale pCO2 Variability at ~1.5 Million Years Ago. Paleoceanography and Paleoclimatology 66",10.1029/2018PA003349,FALSE,1,all known sources of error have been quantified and/or sensitivity of the CO2 estimate to those sources is small,,TRUE,updated error calculation using per sample uncertainties,TRUE,FALSE,,FALSE,added age uncertainty based on LR04,4.77,-20.93
boron_isotopes_dyez_2018_p1.0.xlsx,all known sources of error have been quantified and/or sensitivity of the CO2 estimate to those sources is small,Boron Proxies,3.6,4,4,268.08,32.22,30.22,,"Dyez, K.A., Hönisch, B. and Schmidt, G.A. (2018) Early Pleistocene Obliquity-Scale pCO2 Variability at ~1.5 Million Years Ago. Paleoceanography and Paleoclimatology 67",10.1029/2018PA003349,FALSE,1,all known sources of error have been quantified and/or sensitivity of the CO2 estimate to those sources is small,,TRUE,updated error calculation using per sample uncertainties,TRUE,FALSE,,FALSE,added age uncertainty based on LR04,4.77,-20.93
boron_isotopes_dyez_2018_p1.0.xlsx,all known sources of error have been quantified and/or sensitivity of the CO2 estimate to those sources is small,Boron Proxies,14.6,4,4,241.15,29.52,27.69,,"Dyez, K.A., Hönisch, B. and Schmidt, G.A. (2018) Early Pleistocene Obliquity-Scale pCO2 Variability at ~1.5 Million Years Ago. Paleoceanography and Paleoclimatology 68",10.1029/2018PA003349,FALSE,1,all known sources of error have been quantified and/or sensitivity of the CO2 estimate to those sources is small,,TRUE,updated error calculation using per sample uncertainties,TRUE,FALSE,,FALSE,added age uncertainty based on LR04,4.77,-20.93
boron_isotopes_dyez_2018_p1.0.xlsx,all known sources of error have been quantified and/or sensitivity of the CO2 estimate to those sources is small,Boron Proxies,14.6,4,4,231.57,28.21,26.49,,"Dyez, K.A., Hönisch, B. and Schmidt, G.A. (2018) Early Pleistocene Obliquity-Scale pCO2 Variability at ~1.5 Million Years Ago. Paleoceanography and Paleoclimatology 69",10.1029/2018PA003349,FALSE,1,all known sources of error have been quantified and/or sensitivity of the CO2 estimate to those sources is small,,TRUE,updated error calculation using per sample uncertainties,TRUE,FALSE,,FALSE,added age uncertainty based on LR04,4.77,-20.93
boron_isotopes_dyez_2018_p1.0.xlsx,all known sources of error have been quantified and/or sensitivity of the CO2 estimate to those sources is small,Boron Proxies,20.4,4,4,178.61,21.76,20.74,,"Dyez, K.A., Hönisch, B. and Schmidt, G.A. (2018) Early Pleistocene Obliquity-Scale pCO2 Variability at ~1.5 Million Years Ago. Paleoceanography and Paleoclimatology 70",10.1029/2018PA003349,FALSE,1,all known sources of error have been quantified and/or sensitivity of the CO2 estimate to those sources is small,,TRUE,updated error calculation using per sample uncertainties,TRUE,FALSE,,FALSE,added age uncertainty based on LR04,4.77,-20.93
boron_isotopes_dyez_2018_p1.0.xlsx,all known sources of error have been quantified and/or sensitivity of the CO2 estimate to those sources is small,Boron Proxies,40.8,4,4,213.12,25.9,24.38,,"Dyez, K.A., Hönisch, B. and Schmidt, G.A. (2018) Early Pleistocene Obliquity-Scale pCO2 Variability at ~1.5 Million Years Ago. Paleoceanography and Paleoclimatology 71",10.1029/2018PA003349,FALSE,1,all known sources of error have been quantified and/or sensitivity of the CO2 estimate to those sources is small,,TRUE,updated error calculation using per sample uncertainties,TRUE,FALSE,,FALSE,added age uncertainty based on LR04,4.77,-20.93
boron_isotopes_dyez_2018_p1.0.xlsx,all known sources of error have been quantified and/or sensitivity of the CO2 estimate to those sources is small,Boron Proxies,70.6,4,4,242.31,29.99,28.1,,"Dyez, K.A., Hönisch, B. and Schmidt, G.A. (2018) Early Pleistocene Obliquity-Scale pCO2 Variability at ~1.5 Million Years Ago. Paleoceanography and Paleoclimatology 72",10.1029/2018PA003349,FALSE,1,all known sources of error have been quantified and/or sensitivity of the CO2 estimate to those sources is small,,TRUE,updated error calculation using per sample uncertainties,TRUE,FALSE,,FALSE,added age uncertainty based on LR04,4.77,-20.93
boron_isotopes_dyez_2018_p1.0.xlsx,all known sources of error have been quantified and/or sensitivity of the CO2 estimate to those sources is small,Boron Proxies,113.6,4,4,259.73,32.11,30.07,,"Dyez, K.A., Hönisch, B. and Schmidt, G.A. (2018) Early Pleistocene Obliquity-Scale pCO2 Variability at ~1.5 Million Years Ago. Paleoceanography and Paleoclimatology 73",10.1029/2018PA003349,FALSE,1,all known sources of error have been quantified and/or sensitivity of the CO2 estimate to those sources is small,,TRUE,updated error calculation using per sample uncertainties,TRUE,FALSE,,FALSE,added age uncertainty based on LR04,4.77,-20.93
boron_isotopes_dyez_2018_p1.0.xlsx,all known sources of error have been quantified and/or sensitivity of the CO2 estimate to those sources is small,Boron Proxies,123.2,4,4,302.47,35.81,33.56,,"Dyez, K.A., Hönisch, B. and Schmidt, G.A. (2018) Early Pleistocene Obliquity-Scale pCO2 Variability at ~1.5 Million Years Ago. Paleoceanography and Paleoclimatology 74",10.1029/2018PA003349,FALSE,1,all known sources of error have been quantified and/or sensitivity of the CO2 estimate to those sources is small,,TRUE,updated error calculation using per sample uncertainties,TRUE,FALSE,,FALSE,added age uncertainty based on LR04,4.77,-20.93
boron_isotopes_dyez_2018_p1.0.xlsx,all known sources of error have been quantified and/or sensitivity of the CO2 estimate to those sources is small,Boron Proxies,128.1,4,4,270.44,33.43,31.28,,"Dyez, K.A., Hönisch, B. and Schmidt, G.A. (2018) Early Pleistocene Obliquity-Scale pCO2 Variability at ~1.5 Million Years Ago. Paleoceanography and Paleoclimatology 75",10.1029/2018PA003349,FALSE,1,all known sources of error have been quantified and/or sensitivity of the CO2 estimate to those sources is small,,TRUE,updated error calculation using per sample uncertainties,TRUE,FALSE,,FALSE,added age uncertainty based on LR04,4.77,-20.93
boron_isotopes_dyez_2018_p1.0.xlsx,all known sources of error have been quantified and/or sensitivity of the CO2 estimate to those sources is small,Boron Proxies,136.8,4,4,197.24,23.69,22.45,,"Dyez, K.A., Hönisch, B. and Schmidt, G.A. (2018) Early Pleistocene Obliquity-Scale pCO2 Variability at ~1.5 Million Years Ago. Paleoceanography and Paleoclimatology 76",10.1029/2018PA003349,FALSE,1,all known sources of error have been quantified and/or sensitivity of the CO2 estimate to those sources is small,,TRUE,updated error calculation using per sample uncertainties,TRUE,FALSE,,FALSE,added age uncertainty based on LR04,4.77,-20.93
boron_isotopes_dyez_2018_p1.0.xlsx,all known sources of error have been quantified and/or sensitivity of the CO2 estimate to those sources is small,Boron Proxies,138.6,4,4,177,28.97,26.32,,"Dyez, K.A., Hönisch, B. and Schmidt, G.A. (2018) Early Pleistocene Obliquity-Scale pCO2 Variability at ~1.5 Million Years Ago. Paleoceanography and Paleoclimatology 77",10.1029/2018PA003349,FALSE,1,all known sources of error have been quantified and/or sensitivity of the CO2 estimate to those sources is small,,TRUE,updated error calculation using per sample uncertainties,TRUE,FALSE,,FALSE,added age uncertainty based on LR04,4.77,-20.93
boron_isotopes_dyez_2018_p1.0.xlsx,all known sources of error have been quantified and/or sensitivity of the CO2 estimate to those sources is small,Boron Proxies,329.1,4,4,297.4,38.06,35.31,,"Dyez, K.A., Hönisch, B. and Schmidt, G.A. (2018) Early Pleistocene Obliquity-Scale pCO2 Variability at ~1.5 Million Years Ago. Paleoceanography and Paleoclimatology 78",10.1029/2018PA003349,FALSE,1,all known sources of error have been quantified and/or sensitivity of the CO2 estimate to those sources is small,,TRUE,updated error calculation using per sample uncertainties,TRUE,FALSE,,FALSE,added age uncertainty based on LR04,4.77,-20.93
boron_isotopes_dyez_2018_p1.0.xlsx,all known sources of error have been quantified and/or sensitivity of the CO2 estimate to those sources is small,Boron Proxies,358.5,4,4,211.61,25.01,23.68,,"Dyez, K.A., Hönisch, B. and Schmidt, G.A. (2018) Early Pleistocene Obliquity-Scale pCO2 Variability at ~1.5 Million Years Ago. Paleoceanography and Paleoclimatology 79",10.1029/2018PA003349,FALSE,1,all known sources of error have been quantified and/or sensitivity of the CO2 estimate to those sources is small,,TRUE,updated error calculation using per sample uncertainties,TRUE,FALSE,,FALSE,added age uncertainty based on LR04,4.77,-20.93
boron_isotopes_dyez_2018_p1.0.xlsx,all known sources of error have been quantified and/or sensitivity of the CO2 estimate to those sources is small,Boron Proxies,366.9,4,4,223.42,31.89,29.3,,"Dyez, K.A., Hönisch, B. and Schmidt, G.A. (2018) Early Pleistocene Obliquity-Scale pCO2 Variability at ~1.5 Million Years Ago. Paleoceanography and Paleoclimatology 80",10.1029/2018PA003349,FALSE,1,all known sources of error have been quantified and/or sensitivity of the CO2 estimate to those sources is small,,TRUE,updated error calculation using per sample uncertainties,TRUE,FALSE,,FALSE,added age uncertainty based on LR04,4.77,-20.93
boron_isotopes_dyez_2018_p1.0.xlsx,all known sources of error have been quantified and/or sensitivity of the CO2 estimate to those sources is small,Boron Proxies,386.4,4,4,250.44,30.59,28.77,,"Dyez, K.A., Hönisch, B. and Schmidt, G.A. (2018) Early Pleistocene Obliquity-Scale pCO2 Variability at ~1.5 Million Years Ago. Paleoceanography and Paleoclimatology 81",10.1029/2018PA003349,FALSE,1,all known sources of error have been quantified and/or sensitivity of the CO2 estimate to those sources is small,,TRUE,updated error calculation using per sample uncertainties,TRUE,FALSE,,FALSE,added age uncertainty based on LR04,4.77,-20.93
boron_isotopes_dyez_2018_p1.0.xlsx,all known sources of error have been quantified and/or sensitivity of the CO2 estimate to those sources is small,Boron Proxies,409.1,4,4,297.13,37.1,34.61,,"Dyez, K.A., Hönisch, B. and Schmidt, G.A. (2018) Early Pleistocene Obliquity-Scale pCO2 Variability at ~1.5 Million Years Ago. Paleoceanography and Paleoclimatology 82",10.1029/2018PA003349,FALSE,1,all known sources of error have been quantified and/or sensitivity of the CO2 estimate to those sources is small,,TRUE,updated error calculation using per sample uncertainties,TRUE,FALSE,,FALSE,added age uncertainty based on LR04,4.77,-20.93
boron_isotopes_dyez_2018_p1.0.xlsx,all known sources of error have been quantified and/or sensitivity of the CO2 estimate to those sources is small,Boron Proxies,418.8,4,4,274.74,36.06,33.5,,"Dyez, K.A., Hönisch, B. and Schmidt, G.A. (2018) Early Pleistocene Obliquity-Scale pCO2 Variability at ~1.5 Million Years Ago. Paleoceanography and Paleoclimatology 83",10.1029/2018PA003349,FALSE,1,all known sources of error have been quantified and/or sensitivity of the CO2 estimate to those sources is small,,TRUE,updated error calculation using per sample uncertainties,TRUE,FALSE,,FALSE,added age uncertainty based on LR04,4.77,-20.93
boron_isotopes_dyez_2018_p1.0.xlsx,all known sources of error have been quantified and/or sensitivity of the CO2 estimate to those sources is small,Boron Proxies,541.6,4,4,243.84,26.85,25.61,,"Dyez, K.A., Hönisch, B. and Schmidt, G.A. (2018) Early Pleistocene Obliquity-Scale pCO2 Variability at ~1.5 Million Years Ago. Paleoceanography and Paleoclimatology 84",10.1029/2018PA003349,FALSE,1,all known sources of error have been quantified and/or sensitivity of the CO2 estimate to those sources is small,,TRUE,updated error calculation using per sample uncertainties,TRUE,FALSE,,FALSE,added age uncertainty based on LR04,4.77,-20.93
boron_isotopes_dyez_2018_p1.0.xlsx,all known sources of error have been quantified and/or sensitivity of the CO2 estimate to those sources is small,Boron Proxies,616.3,4,4,249.38,29.17,27.65,,"Dyez, K.A., Hönisch, B. and Schmidt, G.A. (2018) Early Pleistocene Obliquity-Scale pCO2 Variability at ~1.5 Million Years Ago. Paleoceanography and Paleoclimatology 85",10.1029/2018PA003349,FALSE,1,all known sources of error have been quantified and/or sensitivity of the CO2 estimate to those sources is small,,TRUE,updated error calculation using per sample uncertainties,TRUE,FALSE,,FALSE,added age uncertainty based on LR04,4.77,-20.93
boron_isotopes_dyez_2018_p1.0.xlsx,all known sources of error have been quantified and/or sensitivity of the CO2 estimate to those sources is small,Boron Proxies,651,4,4,174.19,20.32,19.68,,"Dyez, K.A., Hönisch, B. and Schmidt, G.A. (2018) Early Pleistocene Obliquity-Scale pCO2 Variability at ~1.5 Million Years Ago. Paleoceanography and Paleoclimatology 86",10.1029/2018PA003349,FALSE,1,all known sources of error have been quantified and/or sensitivity of the CO2 estimate to those sources is small,,TRUE,updated error calculation using per sample uncertainties,TRUE,FALSE,,FALSE,added age uncertainty based on LR04,4.77,-20.93
boron_isotopes_dyez_2018_p1.0.xlsx,all known sources of error have been quantified and/or sensitivity of the CO2 estimate to those sources is small,Boron Proxies,662.1,4,4,198.55,22.91,21.91,,"Dyez, K.A., Hönisch, B. and Schmidt, G.A. (2018) Early Pleistocene Obliquity-Scale pCO2 Variability at ~1.5 Million Years Ago. Paleoceanography and Paleoclimatology 87",10.1029/2018PA003349,FALSE,1,all known sources of error have been quantified and/or sensitivity of the CO2 estimate to those sources is small,,TRUE,updated error calculation using per sample uncertainties,TRUE,FALSE,,FALSE,added age uncertainty based on LR04,4.77,-20.93
boron_isotopes_dyez_2018_p1.0.xlsx,all known sources of error have been quantified and/or sensitivity of the CO2 estimate to those sources is small,Boron Proxies,675,4,4,216.34,24.52,23.39,,"Dyez, K.A., Hönisch, B. and Schmidt, G.A. (2018) Early Pleistocene Obliquity-Scale pCO2 Variability at ~1.5 Million Years Ago. Paleoceanography and Paleoclimatology 88",10.1029/2018PA003349,FALSE,1,all known sources of error have been quantified and/or sensitivity of the CO2 estimate to those sources is small,,TRUE,updated error calculation using per sample uncertainties,TRUE,FALSE,,FALSE,added age uncertainty based on LR04,4.77,-20.93
boron_isotopes_dyez_2018_p1.0.xlsx,all known sources of error have been quantified and/or sensitivity of the CO2 estimate to those sources is small,Boron Proxies,702.2,4,4,252.73,29.36,27.86,,"Dyez, K.A., Hönisch, B. and Schmidt, G.A. (2018) Early Pleistocene Obliquity-Scale pCO2 Variability at ~1.5 Million Years Ago. Paleoceanography and Paleoclimatology 89",10.1029/2018PA003349,FALSE,1,all known sources of error have been quantified and/or sensitivity of the CO2 estimate to those sources is small,,TRUE,updated error calculation using per sample uncertainties,TRUE,FALSE,,FALSE,added age uncertainty based on LR04,4.77,-20.93
boron_isotopes_dyez_2018_p1.0.xlsx,all known sources of error have been quantified and/or sensitivity of the CO2 estimate to those sources is small,Boron Proxies,703.5,4,4,263.11,30.88,29.24,,"Dyez, K.A., Hönisch, B. and Schmidt, G.A. (2018) Early Pleistocene Obliquity-Scale pCO2 Variability at ~1.5 Million Years Ago. Paleoceanography and Paleoclimatology 90",10.1029/2018PA003349,FALSE,1,all known sources of error have been quantified and/or sensitivity of the CO2 estimate to those sources is small,,TRUE,updated error calculation using per sample uncertainties,TRUE,FALSE,,FALSE,added age uncertainty based on LR04,4.77,-20.93
boron_isotopes_dyez_2018_p1.0.xlsx,all known sources of error have been quantified and/or sensitivity of the CO2 estimate to those sources is small,Boron Proxies,731,4,4,223.6,27.05,25.59,,"Dyez, K.A., Hönisch, B. and Schmidt, G.A. (2018) Early Pleistocene Obliquity-Scale pCO2 Variability at ~1.5 Million Years Ago. Paleoceanography and Paleoclimatology 91",10.1029/2018PA003349,FALSE,1,all known sources of error have been quantified and/or sensitivity of the CO2 estimate to those sources is small,,TRUE,updated error calculation using per sample uncertainties,TRUE,FALSE,,FALSE,added age uncertainty based on LR04,4.77,-20.93
boron_isotopes_dyez_2018_p1.0.xlsx,all known sources of error have been quantified and/or sensitivity of the CO2 estimate to those sources is small,Boron Proxies,752.4,4,4,208.65,23.6,22.55,,"Dyez, K.A., Hönisch, B. and Schmidt, G.A. (2018) Early Pleistocene Obliquity-Scale pCO2 Variability at ~1.5 Million Years Ago. Paleoceanography and Paleoclimatology 92",10.1029/2018PA003349,FALSE,1,all known sources of error have been quantified and/or sensitivity of the CO2 estimate to those sources is small,,TRUE,updated error calculation using per sample uncertainties,TRUE,FALSE,,FALSE,added age uncertainty based on LR04,4.77,-20.93
boron_isotopes_dyez_2018_p1.0.xlsx,all known sources of error have been quantified and/or sensitivity of the CO2 estimate to those sources is small,Boron Proxies,891.9,4,4,201.82,21.74,20.93,,"Dyez, K.A., Hönisch, B. and Schmidt, G.A. (2018) Early Pleistocene Obliquity-Scale pCO2 Variability at ~1.5 Million Years Ago. Paleoceanography and Paleoclimatology 93",10.1029/2018PA003349,FALSE,1,all known sources of error have been quantified and/or sensitivity of the CO2 estimate to those sources is small,,TRUE,updated error calculation using per sample uncertainties,TRUE,FALSE,,FALSE,added age uncertainty based on LR04,4.77,-20.93
boron_isotopes_dyez_2018_p1.0.xlsx,all known sources of error have been quantified and/or sensitivity of the CO2 estimate to those sources is small,Boron Proxies,950,4,4,281.42,52.2,45.63,,"Dyez, K.A., Hönisch, B. and Schmidt, G.A. (2018) Early Pleistocene Obliquity-Scale pCO2 Variability at ~1.5 Million Years Ago. Paleoceanography and Paleoclimatology 94",10.1029/2018PA003349,FALSE,1,all known sources of error have been quantified and/or sensitivity of the CO2 estimate to those sources is small,,TRUE,updated error calculation using per sample uncertainties,TRUE,FALSE,,FALSE,added age uncertainty based on LR04,4.77,-20.93
boron_isotopes_dyez_2018_p1.0.xlsx,all known sources of error have been quantified and/or sensitivity of the CO2 estimate to those sources is small,Boron Proxies,952.8,4,4,304.42,37.04,34.74,,"Dyez, K.A., Hönisch, B. and Schmidt, G.A. (2018) Early Pleistocene Obliquity-Scale pCO2 Variability at ~1.5 Million Years Ago. Paleoceanography and Paleoclimatology 95",10.1029/2018PA003349,FALSE,1,all known sources of error have been quantified and/or sensitivity of the CO2 estimate to those sources is small,,TRUE,updated error calculation using per sample uncertainties,TRUE,FALSE,,FALSE,added age uncertainty based on LR04,4.77,-20.93
boron_isotopes_dyez_2018_p1.0.xlsx,all known sources of error have been quantified and/or sensitivity of the CO2 estimate to those sources is small,Boron Proxies,1072.8,6,6,293.02,37.63,35.16,,"Dyez, K.A., Hönisch, B. and Schmidt, G.A. (2018) Early Pleistocene Obliquity-Scale pCO2 Variability at ~1.5 Million Years Ago. Paleoceanography and Paleoclimatology 96",10.1029/2018PA003349,FALSE,1,all known sources of error have been quantified and/or sensitivity of the CO2 estimate to those sources is small,,TRUE,updated error calculation using per sample uncertainties,TRUE,FALSE,,FALSE,added age uncertainty based on LR04,4.77,-20.93
boron_isotopes_dyez_2018_p1.0.xlsx,all known sources of error have been quantified and/or sensitivity of the CO2 estimate to those sources is small,Boron Proxies,1078.9,6,6,257.86,28.25,26.97,,"Dyez, K.A., Hönisch, B. and Schmidt, G.A. (2018) Early Pleistocene Obliquity-Scale pCO2 Variability at ~1.5 Million Years Ago. Paleoceanography and Paleoclimatology 97",10.1029/2018PA003349,FALSE,1,all known sources of error have been quantified and/or sensitivity of the CO2 estimate to those sources is small,,TRUE,updated error calculation using per sample uncertainties,TRUE,FALSE,,FALSE,added age uncertainty based on LR04,4.77,-20.93
boron_isotopes_dyez_2018_p1.0.xlsx,all known sources of error have been quantified and/or sensitivity of the CO2 estimate to those sources is small,Boron Proxies,1168.3,6,6,265.24,32.87,30.99,,"Dyez, K.A., Hönisch, B. and Schmidt, G.A. (2018) Early Pleistocene Obliquity-Scale pCO2 Variability at ~1.5 Million Years Ago. Paleoceanography and Paleoclimatology 98",10.1029/2018PA003349,FALSE,1,all known sources of error have been quantified and/or sensitivity of the CO2 estimate to those sources is small,,TRUE,updated error calculation using per sample uncertainties,TRUE,FALSE,,FALSE,added age uncertainty based on LR04,4.77,-20.93
boron_isotopes_dyez_2018_p1.0.xlsx,all known sources of error have been quantified and/or sensitivity of the CO2 estimate to those sources is small,Boron Proxies,1192.4,6,6,212.81,24.1,23.06,,"Dyez, K.A., Hönisch, B. and Schmidt, G.A. (2018) Early Pleistocene Obliquity-Scale pCO2 Variability at ~1.5 Million Years Ago. Paleoceanography and Paleoclimatology 99",10.1029/2018PA003349,FALSE,1,all known sources of error have been quantified and/or sensitivity of the CO2 estimate to those sources is small,,TRUE,updated error calculation using per sample uncertainties,TRUE,FALSE,,FALSE,added age uncertainty based on LR04,4.77,-20.93
boron_isotopes_dyez_2018_p1.0.xlsx,all known sources of error have been quantified and/or sensitivity of the CO2 estimate to those sources is small,Boron Proxies,1212.5,6,6,226.19,25.76,24.58,,"Dyez, K.A., Hönisch, B. and Schmidt, G.A. (2018) Early Pleistocene Obliquity-Scale pCO2 Variability at ~1.5 Million Years Ago. Paleoceanography and Paleoclimatology 100",10.1029/2018PA003349,FALSE,1,all known sources of error have been quantified and/or sensitivity of the CO2 estimate to those sources is small,,TRUE,updated error calculation using per sample uncertainties,TRUE,FALSE,,FALSE,added age uncertainty based on LR04,4.77,-20.93
boron_isotopes_dyez_2018_p1.0.xlsx,all known sources of error have been quantified and/or sensitivity of the CO2 estimate to those sources is small,Boron Proxies,1233.3,6,6,247,28.44,27.08,,"Dyez, K.A., Hönisch, B. and Schmidt, G.A. (2018) Early Pleistocene Obliquity-Scale pCO2 Variability at ~1.5 Million Years Ago. Paleoceanography and Paleoclimatology 101",10.1029/2018PA003349,FALSE,1,all known sources of error have been quantified and/or sensitivity of the CO2 estimate to those sources is small,,TRUE,updated error calculation using per sample uncertainties,TRUE,FALSE,,FALSE,added age uncertainty based on LR04,4.77,-20.93
boron_isotopes_dyez_2018_p1.0.xlsx,all known sources of error have been quantified and/or sensitivity of the CO2 estimate to those sources is small,Boron Proxies,1238.7,6,6,270.46,31.56,29.93,,"Dyez, K.A., Hönisch, B. and Schmidt, G.A. (2018) Early Pleistocene Obliquity-Scale pCO2 Variability at ~1.5 Million Years Ago. Paleoceanography and Paleoclimatology 102",10.1029/2018PA003349,FALSE,1,all known sources of error have been quantified and/or sensitivity of the CO2 estimate to those sources is small,,TRUE,updated error calculation using per sample uncertainties,TRUE,FALSE,,FALSE,added age uncertainty based on LR04,4.77,-20.93
boron_isotopes_dyez_2018_p1.0.xlsx,all known sources of error have been quantified and/or sensitivity of the CO2 estimate to those sources is small,Boron Proxies,1253,6,6,204.11,23.15,22.17,,"Dyez, K.A., Hönisch, B. and Schmidt, G.A. (2018) Early Pleistocene Obliquity-Scale pCO2 Variability at ~1.5 Million Years Ago. Paleoceanography and Paleoclimatology 103",10.1029/2018PA003349,FALSE,1,all known sources of error have been quantified and/or sensitivity of the CO2 estimate to those sources is small,,TRUE,updated error calculation using per sample uncertainties,TRUE,FALSE,,FALSE,added age uncertainty based on LR04,4.77,-20.93
boron_isotopes_dyez_2018_p1.0.xlsx,all known sources of error have been quantified and/or sensitivity of the CO2 estimate to those sources is small,Boron Proxies,1261.7,6,6,240.8,27.54,26.25,,"Dyez, K.A., Hönisch, B. and Schmidt, G.A. (2018) Early Pleistocene Obliquity-Scale pCO2 Variability at ~1.5 Million Years Ago. Paleoceanography and Paleoclimatology 104",10.1029/2018PA003349,FALSE,1,all known sources of error have been quantified and/or sensitivity of the CO2 estimate to those sources is small,,TRUE,updated error calculation using per sample uncertainties,TRUE,FALSE,,FALSE,added age uncertainty based on LR04,4.77,-20.93
boron_isotopes_dyez_2018_p1.0.xlsx,all known sources of error have been quantified and/or sensitivity of the CO2 estimate to those sources is small,Boron Proxies,1351.57,6,6,284.95,33.78,31.91,,"Dyez, K.A., Hönisch, B. and Schmidt, G.A. (2018) Early Pleistocene Obliquity-Scale pCO2 Variability at ~1.5 Million Years Ago. Paleoceanography and Paleoclimatology 105",10.1029/2018PA003349,FALSE,1,all known sources of error have been quantified and/or sensitivity of the CO2 estimate to those sources is small,,TRUE,updated error calculation using per sample uncertainties,TRUE,FALSE,,FALSE,added age uncertainty based on LR04,4.77,-20.93
boron_isotopes_dyez_2018_p1.0.xlsx,all known sources of error have been quantified and/or sensitivity of the CO2 estimate to those sources is small,Boron Proxies,1380.31,6,6,219.88,24.94,23.82,,"Dyez, K.A., Hönisch, B. and Schmidt, G.A. (2018) Early Pleistocene Obliquity-Scale pCO2 Variability at ~1.5 Million Years Ago. Paleoceanography and Paleoclimatology 106",10.1029/2018PA003349,FALSE,1,all known sources of error have been quantified and/or sensitivity of the CO2 estimate to those sources is small,,TRUE,updated error calculation using per sample uncertainties,TRUE,FALSE,,FALSE,added age uncertainty based on LR04,4.77,-20.93
boron_isotopes_dyez_2018_p1.0.xlsx,all known sources of error have been quantified and/or sensitivity of the CO2 estimate to those sources is small,Boron Proxies,1487,6,6,258.06,29.79,28.33,,"Dyez, K.A., Hönisch, B. and Schmidt, G.A. (2018) Early Pleistocene Obliquity-Scale pCO2 Variability at ~1.5 Million Years Ago. Paleoceanography and Paleoclimatology 107",10.1029/2018PA003349,FALSE,1,all known sources of error have been quantified and/or sensitivity of the CO2 estimate to those sources is small,,TRUE,updated error calculation using per sample uncertainties,TRUE,FALSE,,FALSE,added age uncertainty based on LR04,4.77,-20.93
boron_isotopes_dyez_2018_p1.0.xlsx,all known sources of error have been quantified and/or sensitivity of the CO2 estimate to those sources is small,Boron Proxies,1499,6,6,224.72,25.49,24.33,,"Dyez, K.A., Hönisch, B. and Schmidt, G.A. (2018) Early Pleistocene Obliquity-Scale pCO2 Variability at ~1.5 Million Years Ago. Paleoceanography and Paleoclimatology 108",10.1029/2018PA003349,FALSE,1,all known sources of error have been quantified and/or sensitivity of the CO2 estimate to those sources is small,,TRUE,updated error calculation using per sample uncertainties,TRUE,FALSE,,FALSE,added age uncertainty based on LR04,4.77,-20.93
boron_isotopes_dyez_2018_p1.0.xlsx,all known sources of error have been quantified and/or sensitivity of the CO2 estimate to those sources is small,Boron Proxies,1539,6,6,225.38,25.66,24.47,,"Dyez, K.A., Hönisch, B. and Schmidt, G.A. (2018) Early Pleistocene Obliquity-Scale pCO2 Variability at ~1.5 Million Years Ago. Paleoceanography and Paleoclimatology 109",10.1029/2018PA003349,FALSE,1,all known sources of error have been quantified and/or sensitivity of the CO2 estimate to those sources is small,,TRUE,updated error calculation using per sample uncertainties,TRUE,FALSE,,FALSE,added age uncertainty based on LR04,4.77,-20.93
boron_isotopes_dyez_2018_p1.0.xlsx,all known sources of error have been quantified and/or sensitivity of the CO2 estimate to those sources is small,Boron Proxies,1541.3,6,6,227.43,24.82,23.72,,"Dyez, K.A., Hönisch, B. and Schmidt, G.A. (2018) Early Pleistocene Obliquity-Scale pCO2 Variability at ~1.5 Million Years Ago. Paleoceanography and Paleoclimatology 110",10.1029/2018PA003349,FALSE,1,all known sources of error have been quantified and/or sensitivity of the CO2 estimate to those sources is small,,TRUE,updated error calculation using per sample uncertainties,TRUE,FALSE,,FALSE,added age uncertainty based on LR04,4.77,-20.93
boron_isotopes_dyez_2018_p1.0.xlsx,all known sources of error have been quantified and/or sensitivity of the CO2 estimate to those sources is small,Boron Proxies,1542.3,6,6,278.44,33.03,31.2,,"Dyez, K.A., Hönisch, B. and Schmidt, G.A. (2018) Early Pleistocene Obliquity-Scale pCO2 Variability at ~1.5 Million Years Ago. Paleoceanography and Paleoclimatology 111",10.1029/2018PA003349,FALSE,1,all known sources of error have been quantified and/or sensitivity of the CO2 estimate to those sources is small,,TRUE,updated error calculation using per sample uncertainties,TRUE,FALSE,,FALSE,added age uncertainty based on LR04,4.77,-20.93
boron_isotopes_dyez_2018_p1.0.xlsx,all known sources of error have been quantified and/or sensitivity of the CO2 estimate to those sources is small,Boron Proxies,1574.1,6,6,276.01,36.06,33.81,,"Dyez, K.A., Hönisch, B. and Schmidt, G.A. (2018) Early Pleistocene Obliquity-Scale pCO2 Variability at ~1.5 Million Years Ago. Paleoceanography and Paleoclimatology 112",10.1029/2018PA003349,FALSE,1,all known sources of error have been quantified and/or sensitivity of the CO2 estimate to those sources is small,,TRUE,updated error calculation using per sample uncertainties,TRUE,FALSE,,FALSE,added age uncertainty based on LR04,4.77,-20.93
boron_isotopes_dyez_2018_p1.0.xlsx,all known sources of error have been quantified and/or sensitivity of the CO2 estimate to those sources is small,Boron Proxies,1577.4,6,6,215.13,23.51,22.49,,"Dyez, K.A., Hönisch, B. and Schmidt, G.A. (2018) Early Pleistocene Obliquity-Scale pCO2 Variability at ~1.5 Million Years Ago. Paleoceanography and Paleoclimatology 113",10.1029/2018PA003349,FALSE,1,all known sources of error have been quantified and/or sensitivity of the CO2 estimate to those sources is small,,TRUE,updated error calculation using per sample uncertainties,TRUE,FALSE,,FALSE,added age uncertainty based on LR04,4.77,-20.93
boron_isotopes_dyez_2018_p1.0.xlsx,all known sources of error have been quantified and/or sensitivity of the CO2 estimate to those sources is small,Boron Proxies,1616,6,6,300.5,36.35,34.15,,"Dyez, K.A., Hönisch, B. and Schmidt, G.A. (2018) Early Pleistocene Obliquity-Scale pCO2 Variability at ~1.5 Million Years Ago. Paleoceanography and Paleoclimatology 114",10.1029/2018PA003349,FALSE,1,all known sources of error have been quantified and/or sensitivity of the CO2 estimate to those sources is small,,TRUE,updated error calculation using per sample uncertainties,TRUE,FALSE,,FALSE,added age uncertainty based on LR04,4.77,-20.93
boron_isotopes_dyez_2018_p1.0.xlsx,all known sources of error have been quantified and/or sensitivity of the CO2 estimate to those sources is small,Boron Proxies,1648.7,6,6,198.01,22.54,21.7,,"Dyez, K.A., Hönisch, B. and Schmidt, G.A. (2018) Early Pleistocene Obliquity-Scale pCO2 Variability at ~1.5 Million Years Ago. Paleoceanography and Paleoclimatology 116",10.1029/2018PA003349,FALSE,1,all known sources of error have been quantified and/or sensitivity of the CO2 estimate to those sources is small,,TRUE,updated error calculation using per sample uncertainties,TRUE,FALSE,,FALSE,added age uncertainty based on LR04,4.77,-20.93
boron_isotopes_dyez_2018_p1.0.xlsx,all known sources of error have been quantified and/or sensitivity of the CO2 estimate to those sources is small,Boron Proxies,1659.5,6,6,192.27,31.69,28.93,,"Dyez, K.A., Hönisch, B. and Schmidt, G.A. (2018) Early Pleistocene Obliquity-Scale pCO2 Variability at ~1.5 Million Years Ago. Paleoceanography and Paleoclimatology 117",10.1029/2018PA003349,FALSE,1,all known sources of error have been quantified and/or sensitivity of the CO2 estimate to those sources is small,,TRUE,updated error calculation using per sample uncertainties,TRUE,FALSE,,FALSE,added age uncertainty based on LR04,4.77,-20.93
boron_isotopes_dyez_2018_p1.0.xlsx,all known sources of error have been quantified and/or sensitivity of the CO2 estimate to those sources is small,Boron Proxies,1698.5,6,6,289.93,34.91,32.85,,"Dyez, K.A., Hönisch, B. and Schmidt, G.A. (2018) Early Pleistocene Obliquity-Scale pCO2 Variability at ~1.5 Million Years Ago. Paleoceanography and Paleoclimatology 118",10.1029/2018PA003349,FALSE,1,all known sources of error have been quantified and/or sensitivity of the CO2 estimate to those sources is small,,TRUE,updated error calculation using per sample uncertainties,TRUE,FALSE,,FALSE,added age uncertainty based on LR04,4.77,-20.93
boron_isotopes_dyez_2018_p1.0.xlsx,all known sources of error have been quantified and/or sensitivity of the CO2 estimate to those sources is small,Boron Proxies,1753.1,6,6,286.35,33.46,31.47,,"Dyez, K.A., Hönisch, B. and Schmidt, G.A. (2018) Early Pleistocene Obliquity-Scale pCO2 Variability at ~1.5 Million Years Ago. Paleoceanography and Paleoclimatology 119",10.1029/2018PA003349,FALSE,1,all known sources of error have been quantified and/or sensitivity of the CO2 estimate to those sources is small,,TRUE,updated error calculation using per sample uncertainties,TRUE,FALSE,,FALSE,added age uncertainty based on LR04,4.77,-20.93
boron_isotopes_dyez_2018_p1.0.xlsx,all known sources of error have been quantified and/or sensitivity of the CO2 estimate to those sources is small,Boron Proxies,1779.6,6,6,224.38,25.63,24.45,,"Dyez, K.A., Hönisch, B. and Schmidt, G.A. (2018) Early Pleistocene Obliquity-Scale pCO2 Variability at ~1.5 Million Years Ago. Paleoceanography and Paleoclimatology 121",10.1029/2018PA003349,FALSE,1,all known sources of error have been quantified and/or sensitivity of the CO2 estimate to those sources is small,,TRUE,updated error calculation using per sample uncertainties,TRUE,FALSE,,FALSE,added age uncertainty based on LR04,4.77,-20.93
boron_isotopes_dyez_2018_p1.0.xlsx,all known sources of error have been quantified and/or sensitivity of the CO2 estimate to those sources is small,Boron Proxies,1975.13,6,6,202.18,28.25,27.4,,"Dyez, K.A., Hönisch, B. and Schmidt, G.A. (2018) Early Pleistocene Obliquity-Scale pCO2 Variability at ~1.5 Million Years Ago. Paleoceanography and Paleoclimatology 122",10.1029/2018PA003349,FALSE,1,all known sources of error have been quantified and/or sensitivity of the CO2 estimate to those sources is small,,TRUE,updated error calculation using per sample uncertainties,TRUE,FALSE,,FALSE,added age uncertainty based on LR04,12.91083,-78.83333
boron_isotopes_dyez_2018_p1.0.xlsx,all known sources of error have been quantified and/or sensitivity of the CO2 estimate to those sources is small,Boron Proxies,2026.54,6,6,234.18,32.54,31.46,,"Dyez, K.A., Hönisch, B. and Schmidt, G.A. (2018) Early Pleistocene Obliquity-Scale pCO2 Variability at ~1.5 Million Years Ago. Paleoceanography and Paleoclimatology 123",10.1029/2018PA003349,FALSE,1,all known sources of error have been quantified and/or sensitivity of the CO2 estimate to those sources is small,,TRUE,updated error calculation using per sample uncertainties,TRUE,FALSE,,FALSE,added age uncertainty based on LR04,12.91083,-78.83333
boron_isotopes_dyez_2018_p1.0.xlsx,all known sources of error have been quantified and/or sensitivity of the CO2 estimate to those sources is small,Boron Proxies,2078.09,6,6,208.19,29.94,28.9,,"Dyez, K.A., Hönisch, B. and Schmidt, G.A. (2018) Early Pleistocene Obliquity-Scale pCO2 Variability at ~1.5 Million Years Ago. Paleoceanography and Paleoclimatology 124",10.1029/2018PA003349,FALSE,1,all known sources of error have been quantified and/or sensitivity of the CO2 estimate to those sources is small,,TRUE,updated error calculation using per sample uncertainties,TRUE,FALSE,,FALSE,added age uncertainty based on LR04,12.91083,-78.83333
boron_isotopes_dyez_2018_p1.0.xlsx,all known sources of error have been quantified and/or sensitivity of the CO2 estimate to those sources is small,Boron Proxies,2161.01,6,6,194.72,28.13,27.22,,"Dyez, K.A., Hönisch, B. and Schmidt, G.A. (2018) Early Pleistocene Obliquity-Scale pCO2 Variability at ~1.5 Million Years Ago. Paleoceanography and Paleoclimatology 125",10.1029/2018PA003349,FALSE,1,all known sources of error have been quantified and/or sensitivity of the CO2 estimate to those sources is small,,TRUE,updated error calculation using per sample uncertainties,TRUE,FALSE,,FALSE,added age uncertainty based on LR04,12.91083,-78.83333
boron_isotopes_dyez_2018_p1.0.xlsx,all known sources of error have been quantified and/or sensitivity of the CO2 estimate to those sources is small,Boron Proxies,2166.04,6,6,299.14,43.43,41.22,,"Dyez, K.A., Hönisch, B. and Schmidt, G.A. (2018) Early Pleistocene Obliquity-Scale pCO2 Variability at ~1.5 Million Years Ago. Paleoceanography and Paleoclimatology 126",10.1029/2018PA003349,FALSE,1,all known sources of error have been quantified and/or sensitivity of the CO2 estimate to those sources is small,,TRUE,updated error calculation using per sample uncertainties,TRUE,FALSE,,FALSE,added age uncertainty based on LR04,12.91083,-78.83333
boron_isotopes_dyez_2018_p1.0.xlsx,all known sources of error have been quantified and/or sensitivity of the CO2 estimate to those sources is small,Boron Proxies,2201.94,6,6,307.6,44.17,41.85,,"Dyez, K.A., Hönisch, B. and Schmidt, G.A. (2018) Early Pleistocene Obliquity-Scale pCO2 Variability at ~1.5 Million Years Ago. Paleoceanography and Paleoclimatology 127",10.1029/2018PA003349,FALSE,1,all known sources of error have been quantified and/or sensitivity of the CO2 estimate to those sources is small,,TRUE,updated error calculation using per sample uncertainties,TRUE,FALSE,,FALSE,added age uncertainty based on LR04,12.91083,-78.83333
boron_isotopes_dyez_2018_p1.0.xlsx,all known sources of error have been quantified and/or sensitivity of the CO2 estimate to those sources is small,Boron Proxies,2304.67,6,6,210.26,30.15,29.13,,"Dyez, K.A., Hönisch, B. and Schmidt, G.A. (2018) Early Pleistocene Obliquity-Scale pCO2 Variability at ~1.5 Million Years Ago. Paleoceanography and Paleoclimatology 128",10.1029/2018PA003349,FALSE,1,all known sources of error have been quantified and/or sensitivity of the CO2 estimate to those sources is small,,TRUE,updated error calculation using per sample uncertainties,TRUE,FALSE,,FALSE,added age uncertainty based on LR04,12.91083,-78.83333
boron_isotopes_dyez_2018_p1.0.xlsx,all known sources of error have been quantified and/or sensitivity of the CO2 estimate to those sources is small,Boron Proxies,2502.94,6,6,289.32,41.6,39.64,,"Dyez, K.A., Hönisch, B. and Schmidt, G.A. (2018) Early Pleistocene Obliquity-Scale pCO2 Variability at ~1.5 Million Years Ago. Paleoceanography and Paleoclimatology 129",10.1029/2018PA003349,FALSE,1,all known sources of error have been quantified and/or sensitivity of the CO2 estimate to those sources is small,,TRUE,updated error calculation using per sample uncertainties,TRUE,FALSE,,FALSE,added age uncertainty based on LR04,12.91083,-78.83333
boron_isotopes_dyez_2018_p1.0.xlsx,all known sources of error have been quantified and/or sensitivity of the CO2 estimate to those sources is small,Boron Proxies,2558.58,6,6,242.64,36.91,35.3,,"Dyez, K.A., Hönisch, B. and Schmidt, G.A. (2018) Early Pleistocene Obliquity-Scale pCO2 Variability at ~1.5 Million Years Ago. Paleoceanography and Paleoclimatology 130",10.1029/2018PA003349,FALSE,1,all known sources of error have been quantified and/or sensitivity of the CO2 estimate to those sources is small,,TRUE,updated error calculation using per sample uncertainties,TRUE,FALSE,,FALSE,added age uncertainty based on LR04,12.91083,-78.83333
boron_isotopes_dyez_2018_p1.0.xlsx,all known sources of error have been quantified and/or sensitivity of the CO2 estimate to those sources is small,Boron Proxies,2600.86,6,6,201.37,28.43,27.51,,"Dyez, K.A., Hönisch, B. and Schmidt, G.A. (2018) Early Pleistocene Obliquity-Scale pCO2 Variability at ~1.5 Million Years Ago. Paleoceanography and Paleoclimatology 131",10.1029/2018PA003349,FALSE,1,all known sources of error have been quantified and/or sensitivity of the CO2 estimate to those sources is small,,TRUE,updated error calculation using per sample uncertainties,TRUE,FALSE,,FALSE,added age uncertainty based on LR04,12.91083,-78.83333
phytoplankton_rae_2021_p1.0.xlsx,Category 1: (a) Weighted mean of all methods with Category 1 estimates.,Phytoplankton,95.57,4,4,194.11,306.33,105.86,,"Rae, J.W., Zhang, Y.G., Liu, X., Foster, G.L., Stoll, H.M. and Whiteford, R.D., 2021. Atmospheric CO2 over the Past 66 Million Years from Marine Archives. Annual Review of Earth and Planetary Sciences, 49.",Rae 2021,FALSE,1,Category 1: (a) Weighted mean of all methods with Category 1 estimates.,FALSE,TRUE,Recalculation of all alkenone CO2 results using uniform calculation methods and comprehensive treatment of uncertainties.,TRUE,FALSE,FALSE,FALSE,,,
phytoplankton_rae_2021_p1.0.xlsx,Category 1: (a) Weighted mean of all methods with Category 1 estimates.,Phytoplankton,215.29,4,4,211.5,326.3,114.79,,"Rae, J.W., Zhang, Y.G., Liu, X., Foster, G.L., Stoll, H.M. and Whiteford, R.D., 2021. Atmospheric CO2 over the Past 66 Million Years from Marine Archives. Annual Review of Earth and Planetary Sciences, 49.",Rae 2021,FALSE,1,Category 1: (a) Weighted mean of all methods with Category 1 estimates.,FALSE,TRUE,Recalculation of all alkenone CO2 results using uniform calculation methods and comprehensive treatment of uncertainties.,TRUE,FALSE,FALSE,FALSE,,,
phytoplankton_rae_2021_p1.0.xlsx,Category 1: (a) Weighted mean of all methods with Category 1 estimates.,Phytoplankton,448.77,4,4,250.9,431.62,139.44,,"Rae, J.W., Zhang, Y.G., Liu, X., Foster, G.L., Stoll, H.M. and Whiteford, R.D., 2021. Atmospheric CO2 over the Past 66 Million Years from Marine Archives. Annual Review of Earth and Planetary Sciences, 49.",Rae 2021,FALSE,1,Category 1: (a) Weighted mean of all methods with Category 1 estimates.,FALSE,TRUE,Recalculation of all alkenone CO2 results using uniform calculation methods and comprehensive treatment of uncertainties.,TRUE,FALSE,FALSE,FALSE,,,
phytoplankton_rae_2021_p1.0.xlsx,Category 1: (a) Weighted mean of all methods with Category 1 estimates.,Phytoplankton,645.06,4,4,233.83,403.62,129.03,,"Rae, J.W., Zhang, Y.G., Liu, X., Foster, G.L., Stoll, H.M. and Whiteford, R.D., 2021. Atmospheric CO2 over the Past 66 Million Years from Marine Archives. Annual Review of Earth and Planetary Sciences, 49.",Rae 2021,FALSE,1,Category 1: (a) Weighted mean of all methods with Category 1 estimates.,FALSE,TRUE,Recalculation of all alkenone CO2 results using uniform calculation methods and comprehensive treatment of uncertainties.,TRUE,FALSE,FALSE,FALSE,,,
phytoplankton_rae_2021_p1.0.xlsx,Category 1: (a) Weighted mean of all methods with Category 1 estimates.,Phytoplankton,720.15,4,4,221.82,366.85,120.87,,"Rae, J.W., Zhang, Y.G., Liu, X., Foster, G.L., Stoll, H.M. and Whiteford, R.D., 2021. Atmospheric CO2 over the Past 66 Million Years from Marine Archives. Annual Review of Earth and Planetary Sciences, 49.",Rae 2021,FALSE,1,Category 1: (a) Weighted mean of all methods with Category 1 estimates.,FALSE,TRUE,Recalculation of all alkenone CO2 results using uniform calculation methods and comprehensive treatment of uncertainties.,TRUE,FALSE,FALSE,FALSE,,,
phytoplankton_rae_2021_p1.0.xlsx,Category 1: (a) Weighted mean of all methods with Category 1 estimates.,Phytoplankton,776.92,4,4,190.21,299.64,103.82,,"Rae, J.W., Zhang, Y.G., Liu, X., Foster, G.L., Stoll, H.M. and Whiteford, R.D., 2021. Atmospheric CO2 over the Past 66 Million Years from Marine Archives. Annual Review of Earth and Planetary Sciences, 49.",Rae 2021,FALSE,1,Category 1: (a) Weighted mean of all methods with Category 1 estimates.,FALSE,TRUE,Recalculation of all alkenone CO2 results using uniform calculation methods and comprehensive treatment of uncertainties.,TRUE,FALSE,FALSE,FALSE,,,
phytoplankton_rae_2021_p1.0.xlsx,Category 1: (a) Weighted mean of all methods with Category 1 estimates.,Phytoplankton,823.86,4,4,304.72,568.55,170.1,,"Rae, J.W., Zhang, Y.G., Liu, X., Foster, G.L., Stoll, H.M. and Whiteford, R.D., 2021. Atmospheric CO2 over the Past 66 Million Years from Marine Archives. Annual Review of Earth and Planetary Sciences, 49.",Rae 2021,FALSE,1,Category 1: (a) Weighted mean of all methods with Category 1 estimates.,FALSE,TRUE,Recalculation of all alkenone CO2 results using uniform calculation methods and comprehensive treatment of uncertainties.,TRUE,FALSE,FALSE,FALSE,,,
phytoplankton_rae_2021_p1.0.xlsx,Category 1: (a) Weighted mean of all methods with Category 1 estimates.,Phytoplankton,855.15,4,4,210.41,342.78,116.94,,"Rae, J.W., Zhang, Y.G., Liu, X., Foster, G.L., Stoll, H.M. and Whiteford, R.D., 2021. Atmospheric CO2 over the Past 66 Million Years from Marine Archives. Annual Review of Earth and Planetary Sciences, 49.",Rae 2021,FALSE,1,Category 1: (a) Weighted mean of all methods with Category 1 estimates.,FALSE,TRUE,Recalculation of all alkenone CO2 results using uniform calculation methods and comprehensive treatment of uncertainties.,TRUE,FALSE,FALSE,FALSE,,,
phytoplankton_rae_2021_p1.0.xlsx,Category 1: (a) Weighted mean of all methods with Category 1 estimates.,Phytoplankton,926.67,4,4,249.86,438.1,138.68,,"Rae, J.W., Zhang, Y.G., Liu, X., Foster, G.L., Stoll, H.M. and Whiteford, R.D., 2021. Atmospheric CO2 over the Past 66 Million Years from Marine Archives. Annual Review of Earth and Planetary Sciences, 49.",Rae 2021,FALSE,1,Category 1: (a) Weighted mean of all methods with Category 1 estimates.,FALSE,TRUE,Recalculation of all alkenone CO2 results using uniform calculation methods and comprehensive treatment of uncertainties.,TRUE,FALSE,FALSE,FALSE,,,
phytoplankton_rae_2021_p1.0.xlsx,Category 1: (a) Weighted mean of all methods with Category 1 estimates.,Phytoplankton,998.19,4,4,288.71,540.07,164.19,,"Rae, J.W., Zhang, Y.G., Liu, X., Foster, G.L., Stoll, H.M. and Whiteford, R.D., 2021. Atmospheric CO2 over the Past 66 Million Years from Marine Archives. Annual Review of Earth and Planetary Sciences, 49.",Rae 2021,FALSE,1,Category 1: (a) Weighted mean of all methods with Category 1 estimates.,FALSE,TRUE,Recalculation of all alkenone CO2 results using uniform calculation methods and comprehensive treatment of uncertainties.,TRUE,FALSE,FALSE,FALSE,,,
phytoplankton_rae_2021_p1.0.xlsx,Category 1: (a) Weighted mean of all methods with Category 1 estimates.,Phytoplankton,1051.83,6,6,234.54,403.91,129.15,,"Rae, J.W., Zhang, Y.G., Liu, X., Foster, G.L., Stoll, H.M. and Whiteford, R.D., 2021. Atmospheric CO2 over the Past 66 Million Years from Marine Archives. Annual Review of Earth and Planetary Sciences, 49.",Rae 2021,FALSE,1,Category 1: (a) Weighted mean of all methods with Category 1 estimates.,FALSE,TRUE,Recalculation of all alkenone CO2 results using uniform calculation methods and comprehensive treatment of uncertainties.,TRUE,FALSE,FALSE,FALSE,,,
phytoplankton_rae_2021_p1.0.xlsx,Category 1: (a) Weighted mean of all methods with Category 1 estimates.,Phytoplankton,1123.35,6,6,209.52,357.93,116.3,,"Rae, J.W., Zhang, Y.G., Liu, X., Foster, G.L., Stoll, H.M. and Whiteford, R.D., 2021. Atmospheric CO2 over the Past 66 Million Years from Marine Archives. Annual Review of Earth and Planetary Sciences, 49.",Rae 2021,FALSE,1,Category 1: (a) Weighted mean of all methods with Category 1 estimates.,FALSE,TRUE,Recalculation of all alkenone CO2 results using uniform calculation methods and comprehensive treatment of uncertainties.,TRUE,FALSE,FALSE,FALSE,,,
phytoplankton_rae_2021_p1.0.xlsx,Category 1: (a) Weighted mean of all methods with Category 1 estimates.,Phytoplankton,1179.22,6,6,274.65,513.34,157.14,,"Rae, J.W., Zhang, Y.G., Liu, X., Foster, G.L., Stoll, H.M. and Whiteford, R.D., 2021. Atmospheric CO2 over the Past 66 Million Years from Marine Archives. Annual Review of Earth and Planetary Sciences, 49.",Rae 2021,FALSE,1,Category 1: (a) Weighted mean of all methods with Category 1 estimates.,FALSE,TRUE,Recalculation of all alkenone CO2 results using uniform calculation methods and comprehensive treatment of uncertainties.,TRUE,FALSE,FALSE,FALSE,,,
phytoplankton_rae_2021_p1.0.xlsx,Category 1: (a) Weighted mean of all methods with Category 1 estimates.,Phytoplankton,1190.4,6,6,258.19,462.05,143.68,,"Rae, J.W., Zhang, Y.G., Liu, X., Foster, G.L., Stoll, H.M. and Whiteford, R.D., 2021. Atmospheric CO2 over the Past 66 Million Years from Marine Archives. Annual Review of Earth and Planetary Sciences, 49.",Rae 2021,FALSE,1,Category 1: (a) Weighted mean of all methods with Category 1 estimates.,FALSE,TRUE,Recalculation of all alkenone CO2 results using uniform calculation methods and comprehensive treatment of uncertainties.,TRUE,FALSE,FALSE,FALSE,,,
phytoplankton_rae_2021_p1.0.xlsx,Category 1: (a) Weighted mean of all methods with Category 1 estimates.,Phytoplankton,1219.45,6,6,317.63,616.46,177.52,,"Rae, J.W., Zhang, Y.G., Liu, X., Foster, G.L., Stoll, H.M. and Whiteford, R.D., 2021. Atmospheric CO2 over the Past 66 Million Years from Marine Archives. Annual Review of Earth and Planetary Sciences, 49.",Rae 2021,FALSE,1,Category 1: (a) Weighted mean of all methods with Category 1 estimates.,FALSE,TRUE,Recalculation of all alkenone CO2 results using uniform calculation methods and comprehensive treatment of uncertainties.,TRUE,FALSE,FALSE,FALSE,,,
phytoplankton_rae_2021_p1.0.xlsx,Category 1: (a) Weighted mean of all methods with Category 1 estimates.,Phytoplankton,1234.2,6,6,290.59,536.53,161.2,,"Rae, J.W., Zhang, Y.G., Liu, X., Foster, G.L., Stoll, H.M. and Whiteford, R.D., 2021. Atmospheric CO2 over the Past 66 Million Years from Marine Archives. Annual Review of Earth and Planetary Sciences, 49.",Rae 2021,FALSE,1,Category 1: (a) Weighted mean of all methods with Category 1 estimates.,FALSE,TRUE,Recalculation of all alkenone CO2 results using uniform calculation methods and comprehensive treatment of uncertainties.,TRUE,FALSE,FALSE,FALSE,,,
phytoplankton_rae_2021_p1.0.xlsx,Category 1: (a) Weighted mean of all methods with Category 1 estimates.,Phytoplankton,1250.74,6,6,278.51,494.78,156.34,,"Rae, J.W., Zhang, Y.G., Liu, X., Foster, G.L., Stoll, H.M. and Whiteford, R.D., 2021. Atmospheric CO2 over the Past 66 Million Years from Marine Archives. Annual Review of Earth and Planetary Sciences, 49.",Rae 2021,FALSE,1,Category 1: (a) Weighted mean of all methods with Category 1 estimates.,FALSE,TRUE,Recalculation of all alkenone CO2 results using uniform calculation methods and comprehensive treatment of uncertainties.,TRUE,FALSE,FALSE,FALSE,,,
phytoplankton_rae_2021_p1.0.xlsx,Category 1: (a) Weighted mean of all methods with Category 1 estimates.,Phytoplankton,1268.62,6,6,266.71,503.1,150.41,,"Rae, J.W., Zhang, Y.G., Liu, X., Foster, G.L., Stoll, H.M. and Whiteford, R.D., 2021. Atmospheric CO2 over the Past 66 Million Years from Marine Archives. Annual Review of Earth and Planetary Sciences, 49.",Rae 2021,FALSE,1,Category 1: (a) Weighted mean of all methods with Category 1 estimates.,FALSE,TRUE,Recalculation of all alkenone CO2 results using uniform calculation methods and comprehensive treatment of uncertainties.,TRUE,FALSE,FALSE,FALSE,,,
phytoplankton_rae_2021_p1.0.xlsx,Category 1: (a) Weighted mean of all methods with Category 1 estimates.,Phytoplankton,1317.79,6,6,270.46,464.82,150.52,,"Rae, J.W., Zhang, Y.G., Liu, X., Foster, G.L., Stoll, H.M. and Whiteford, R.D., 2021. Atmospheric CO2 over the Past 66 Million Years from Marine Archives. Annual Review of Earth and Planetary Sciences, 49.",Rae 2021,FALSE,1,Category 1: (a) Weighted mean of all methods with Category 1 estimates.,FALSE,TRUE,Recalculation of all alkenone CO2 results using uniform calculation methods and comprehensive treatment of uncertainties.,TRUE,FALSE,FALSE,FALSE,,,
phytoplankton_rae_2021_p1.0.xlsx,Category 1: (a) Weighted mean of all methods with Category 1 estimates.,Phytoplankton,1655.28,6,6,252.5,439.54,139.91,,"Rae, J.W., Zhang, Y.G., Liu, X., Foster, G.L., Stoll, H.M. and Whiteford, R.D., 2021. Atmospheric CO2 over the Past 66 Million Years from Marine Archives. Annual Review of Earth and Planetary Sciences, 49.",Rae 2021,FALSE,1,Category 1: (a) Weighted mean of all methods with Category 1 estimates.,FALSE,TRUE,Recalculation of all alkenone CO2 results using uniform calculation methods and comprehensive treatment of uncertainties.,TRUE,FALSE,FALSE,FALSE,,,
phytoplankton_rae_2021_p1.0.xlsx,Category 1: (a) Weighted mean of all methods with Category 1 estimates.,Phytoplankton,1749.25,6,6,255.61,449.31,141.36,,"Rae, J.W., Zhang, Y.G., Liu, X., Foster, G.L., Stoll, H.M. and Whiteford, R.D., 2021. Atmospheric CO2 over the Past 66 Million Years from Marine Archives. Annual Review of Earth and Planetary Sciences, 49.",Rae 2021,FALSE,1,Category 1: (a) Weighted mean of all methods with Category 1 estimates.,FALSE,TRUE,Recalculation of all alkenone CO2 results using uniform calculation methods and comprehensive treatment of uncertainties.,TRUE,FALSE,FALSE,FALSE,,,
phytoplankton_rae_2021_p1.0.xlsx,Category 1: (a) Weighted mean of all methods with Category 1 estimates.,Phytoplankton,1800.35,6,6,252.16,449.3,142.28,,"Rae, J.W., Zhang, Y.G., Liu, X., Foster, G.L., Stoll, H.M. and Whiteford, R.D., 2021. Atmospheric CO2 over the Past 66 Million Years from Marine Archives. Annual Review of Earth and Planetary Sciences, 49.",Rae 2021,FALSE,1,Category 1: (a) Weighted mean of all methods with Category 1 estimates.,FALSE,TRUE,Recalculation of all alkenone CO2 results using uniform calculation methods and comprehensive treatment of uncertainties.,TRUE,FALSE,FALSE,FALSE,,,
phytoplankton_rae_2021_p1.0.xlsx,Category 1: (a) Weighted mean of all methods with Category 1 estimates.,Phytoplankton,1854.14,6,6,287.61,544.33,160.7,,"Rae, J.W., Zhang, Y.G., Liu, X., Foster, G.L., Stoll, H.M. and Whiteford, R.D., 2021. Atmospheric CO2 over the Past 66 Million Years from Marine Archives. Annual Review of Earth and Planetary Sciences, 49.",Rae 2021,FALSE,1,Category 1: (a) Weighted mean of all methods with Category 1 estimates.,FALSE,TRUE,Recalculation of all alkenone CO2 results using uniform calculation methods and comprehensive treatment of uncertainties.,TRUE,FALSE,FALSE,FALSE,,,
phytoplankton_rae_2021_p1.0.xlsx,Category 1: (a) Weighted mean of all methods with Category 1 estimates.,Phytoplankton,1907.93,6,6,299.39,548.38,170.72,,"Rae, J.W., Zhang, Y.G., Liu, X., Foster, G.L., Stoll, H.M. and Whiteford, R.D., 2021. Atmospheric CO2 over the Past 66 Million Years from Marine Archives. Annual Review of Earth and Planetary Sciences, 49.",Rae 2021,FALSE,1,Category 1: (a) Weighted mean of all methods with Category 1 estimates.,FALSE,TRUE,Recalculation of all alkenone CO2 results using uniform calculation methods and comprehensive treatment of uncertainties.,TRUE,FALSE,FALSE,FALSE,,,
phytoplankton_rae_2021_p1.0.xlsx,Category 1: (a) Weighted mean of all methods with Category 1 estimates.,Phytoplankton,1992.69,6,6,302.23,532.52,173,,"Rae, J.W., Zhang, Y.G., Liu, X., Foster, G.L., Stoll, H.M. and Whiteford, R.D., 2021. Atmospheric CO2 over the Past 66 Million Years from Marine Archives. Annual Review of Earth and Planetary Sciences, 49.",Rae 2021,FALSE,1,Category 1: (a) Weighted mean of all methods with Category 1 estimates.,FALSE,TRUE,Recalculation of all alkenone CO2 results using uniform calculation methods and comprehensive treatment of uncertainties.,TRUE,FALSE,FALSE,FALSE,,,
phytoplankton_rae_2021_p1.0.xlsx,Category 1: (a) Weighted mean of all methods with Category 1 estimates.,Phytoplankton,2226.91,6,6,302.8,576.87,173.75,,"Rae, J.W., Zhang, Y.G., Liu, X., Foster, G.L., Stoll, H.M. and Whiteford, R.D., 2021. Atmospheric CO2 over the Past 66 Million Years from Marine Archives. Annual Review of Earth and Planetary Sciences, 49.",Rae 2021,FALSE,1,Category 1: (a) Weighted mean of all methods with Category 1 estimates.,FALSE,TRUE,Recalculation of all alkenone CO2 results using uniform calculation methods and comprehensive treatment of uncertainties.,TRUE,FALSE,FALSE,FALSE,,,
phytoplankton_rae_2021_p1.0.xlsx,Category 1: (a) Weighted mean of all methods with Category 1 estimates.,Phytoplankton,2279.81,6,6,257.72,468.11,145.49,,"Rae, J.W., Zhang, Y.G., Liu, X., Foster, G.L., Stoll, H.M. and Whiteford, R.D., 2021. Atmospheric CO2 over the Past 66 Million Years from Marine Archives. Annual Review of Earth and Planetary Sciences, 49.",Rae 2021,FALSE,1,Category 1: (a) Weighted mean of all methods with Category 1 estimates.,FALSE,TRUE,Recalculation of all alkenone CO2 results using uniform calculation methods and comprehensive treatment of uncertainties.,TRUE,FALSE,FALSE,FALSE,,,
phytoplankton_rae_2021_p1.0.xlsx,Category 1: (a) Weighted mean of all methods with Category 1 estimates.,Phytoplankton,2357.58,6,6,333.77,644.88,188.22,,"Rae, J.W., Zhang, Y.G., Liu, X., Foster, G.L., Stoll, H.M. and Whiteford, R.D., 2021. Atmospheric CO2 over the Past 66 Million Years from Marine Archives. Annual Review of Earth and Planetary Sciences, 49.",Rae 2021,FALSE,1,Category 1: (a) Weighted mean of all methods with Category 1 estimates.,FALSE,TRUE,Recalculation of all alkenone CO2 results using uniform calculation methods and comprehensive treatment of uncertainties.,TRUE,FALSE,FALSE,FALSE,,,
phytoplankton_rae_2021_p1.0.xlsx,Category 1: (a) Weighted mean of all methods with Category 1 estimates.,Phytoplankton,2404.96,6,6,452.26,971.9,267.38,,"Rae, J.W., Zhang, Y.G., Liu, X., Foster, G.L., Stoll, H.M. and Whiteford, R.D., 2021. Atmospheric CO2 over the Past 66 Million Years from Marine Archives. Annual Review of Earth and Planetary Sciences, 49.",Rae 2021,FALSE,1,Category 1: (a) Weighted mean of all methods with Category 1 estimates.,FALSE,TRUE,Recalculation of all alkenone CO2 results using uniform calculation methods and comprehensive treatment of uncertainties.,TRUE,FALSE,FALSE,FALSE,,,
phytoplankton_rae_2021_p1.0.xlsx,Category 1: (a) Weighted mean of all methods with Category 1 estimates.,Phytoplankton,2457.98,6,6,354.87,730.67,205.37,,"Rae, J.W., Zhang, Y.G., Liu, X., Foster, G.L., Stoll, H.M. and Whiteford, R.D., 2021. Atmospheric CO2 over the Past 66 Million Years from Marine Archives. Annual Review of Earth and Planetary Sciences, 49.",Rae 2021,FALSE,1,Category 1: (a) Weighted mean of all methods with Category 1 estimates.,FALSE,TRUE,Recalculation of all alkenone CO2 results using uniform calculation methods and comprehensive treatment of uncertainties.,TRUE,FALSE,FALSE,FALSE,,,
phytoplankton_rae_2021_p1.0.xlsx,Category 1: (a) Weighted mean of all methods with Category 1 estimates.,Phytoplankton,2501.6,6,6,399.77,812.15,232.97,,"Rae, J.W., Zhang, Y.G., Liu, X., Foster, G.L., Stoll, H.M. and Whiteford, R.D., 2021. Atmospheric CO2 over the Past 66 Million Years from Marine Archives. Annual Review of Earth and Planetary Sciences, 49.",Rae 2021,FALSE,1,Category 1: (a) Weighted mean of all methods with Category 1 estimates.,FALSE,TRUE,Recalculation of all alkenone CO2 results using uniform calculation methods and comprehensive treatment of uncertainties.,TRUE,FALSE,FALSE,FALSE,,,
phytoplankton_rae_2021_p1.0.xlsx,Category 1: (a) Weighted mean of all methods with Category 1 estimates.,Phytoplankton,2532.2,6,6,396.13,811.55,230.24,,"Rae, J.W., Zhang, Y.G., Liu, X., Foster, G.L., Stoll, H.M. and Whiteford, R.D., 2021. Atmospheric CO2 over the Past 66 Million Years from Marine Archives. Annual Review of Earth and Planetary Sciences, 49.",Rae 2021,FALSE,1,Category 1: (a) Weighted mean of all methods with Category 1 estimates.,FALSE,TRUE,Recalculation of all alkenone CO2 results using uniform calculation methods and comprehensive treatment of uncertainties.,TRUE,FALSE,FALSE,FALSE,,,
phytoplankton_rae_2021_p1.0.xlsx,Category 1: (a) Weighted mean of all methods with Category 1 estimates.,Phytoplankton,2523.58,6,6,308.78,585.79,171.26,,"Rae, J.W., Zhang, Y.G., Liu, X., Foster, G.L., Stoll, H.M. and Whiteford, R.D., 2021. Atmospheric CO2 over the Past 66 Million Years from Marine Archives. Annual Review of Earth and Planetary Sciences, 49.",Rae 2021,FALSE,1,Category 1: (a) Weighted mean of all methods with Category 1 estimates.,FALSE,TRUE,Recalculation of all alkenone CO2 results using uniform calculation methods and comprehensive treatment of uncertainties.,TRUE,FALSE,FALSE,FALSE,,,
phytoplankton_rae_2021_p1.0.xlsx,Category 1: (a) Weighted mean of all methods with Category 1 estimates.,Phytoplankton,2608.47,6,6,294,563.57,166.84,,"Rae, J.W., Zhang, Y.G., Liu, X., Foster, G.L., Stoll, H.M. and Whiteford, R.D., 2021. Atmospheric CO2 over the Past 66 Million Years from Marine Archives. Annual Review of Earth and Planetary Sciences, 49.",Rae 2021,FALSE,1,Category 1: (a) Weighted mean of all methods with Category 1 estimates.,FALSE,TRUE,Recalculation of all alkenone CO2 results using uniform calculation methods and comprehensive treatment of uncertainties.,TRUE,FALSE,FALSE,FALSE,,,
phytoplankton_rae_2021_p1.0.xlsx,Category 1: (a) Weighted mean of all methods with Category 1 estimates.,Phytoplankton,310,4,4,211.47,236.55,79,,"Rae, J.W., Zhang, Y.G., Liu, X., Foster, G.L., Stoll, H.M. and Whiteford, R.D., 2021. Atmospheric CO2 over the Past 66 Million Years from Marine Archives. Annual Review of Earth and Planetary Sciences, 49.",Rae 2021,FALSE,1,Category 1: (a) Weighted mean of all methods with Category 1 estimates.,FALSE,TRUE,Recalculation of all alkenone CO2 results using uniform calculation methods and comprehensive treatment of uncertainties.,TRUE,FALSE,FALSE,FALSE,,,
phytoplankton_rae_2021_p1.0.xlsx,Category 1: (a) Weighted mean of all methods with Category 1 estimates.,Phytoplankton,431,4,4,178.55,663.51,137.33,,"Rae, J.W., Zhang, Y.G., Liu, X., Foster, G.L., Stoll, H.M. and Whiteford, R.D., 2021. Atmospheric CO2 over the Past 66 Million Years from Marine Archives. Annual Review of Earth and Planetary Sciences, 49.",Rae 2021,FALSE,1,Category 1: (a) Weighted mean of all methods with Category 1 estimates.,FALSE,TRUE,Recalculation of all alkenone CO2 results using uniform calculation methods and comprehensive treatment of uncertainties.,TRUE,FALSE,FALSE,FALSE,,,
phytoplankton_rae_2021_p1.0.xlsx,Category 1: (a) Weighted mean of all methods with Category 1 estimates.,Phytoplankton,575.3,4,4,187.51,641.18,144.52,,"Rae, J.W., Zhang, Y.G., Liu, X., Foster, G.L., Stoll, H.M. and Whiteford, R.D., 2021. Atmospheric CO2 over the Past 66 Million Years from Marine Archives. Annual Review of Earth and Planetary Sciences, 49.",Rae 2021,FALSE,1,Category 1: (a) Weighted mean of all methods with Category 1 estimates.,FALSE,TRUE,Recalculation of all alkenone CO2 results using uniform calculation methods and comprehensive treatment of uncertainties.,TRUE,FALSE,FALSE,FALSE,,,
phytoplankton_rae_2021_p1.0.xlsx,Category 1: (a) Weighted mean of all methods with Category 1 estimates.,Phytoplankton,928.7,4,4,182.13,632.86,140.85,,"Rae, J.W., Zhang, Y.G., Liu, X., Foster, G.L., Stoll, H.M. and Whiteford, R.D., 2021. Atmospheric CO2 over the Past 66 Million Years from Marine Archives. Annual Review of Earth and Planetary Sciences, 49.",Rae 2021,FALSE,1,Category 1: (a) Weighted mean of all methods with Category 1 estimates.,FALSE,TRUE,Recalculation of all alkenone CO2 results using uniform calculation methods and comprehensive treatment of uncertainties.,TRUE,FALSE,FALSE,FALSE,,,
phytoplankton_rae_2021_p1.0.xlsx,Category 1: (a) Weighted mean of all methods with Category 1 estimates.,Phytoplankton,1046,6,6,187.28,670.09,144.51,,"Rae, J.W., Zhang, Y.G., Liu, X., Foster, G.L., Stoll, H.M. and Whiteford, R.D., 2021. Atmospheric CO2 over the Past 66 Million Years from Marine Archives. Annual Review of Earth and Planetary Sciences, 49.",Rae 2021,FALSE,1,Category 1: (a) Weighted mean of all methods with Category 1 estimates.,FALSE,TRUE,Recalculation of all alkenone CO2 results using uniform calculation methods and comprehensive treatment of uncertainties.,TRUE,FALSE,FALSE,FALSE,,,
phytoplankton_rae_2021_p1.0.xlsx,Category 1: (a) Weighted mean of all methods with Category 1 estimates.,Phytoplankton,1191,6,6,219.91,246.77,83.44,,"Rae, J.W., Zhang, Y.G., Liu, X., Foster, G.L., Stoll, H.M. and Whiteford, R.D., 2021. Atmospheric CO2 over the Past 66 Million Years from Marine Archives. Annual Review of Earth and Planetary Sciences, 49.",Rae 2021,FALSE,1,Category 1: (a) Weighted mean of all methods with Category 1 estimates.,FALSE,TRUE,Recalculation of all alkenone CO2 results using uniform calculation methods and comprehensive treatment of uncertainties.,TRUE,FALSE,FALSE,FALSE,,,
phytoplankton_rae_2021_p1.0.xlsx,Category 1: (a) Weighted mean of all methods with Category 1 estimates.,Phytoplankton,1206,6,6,194.71,709.43,151.35,,"Rae, J.W., Zhang, Y.G., Liu, X., Foster, G.L., Stoll, H.M. and Whiteford, R.D., 2021. Atmospheric CO2 over the Past 66 Million Years from Marine Archives. Annual Review of Earth and Planetary Sciences, 49.",Rae 2021,FALSE,1,Category 1: (a) Weighted mean of all methods with Category 1 estimates.,FALSE,TRUE,Recalculation of all alkenone CO2 results using uniform calculation methods and comprehensive treatment of uncertainties.,TRUE,FALSE,FALSE,FALSE,,,
phytoplankton_rae_2021_p1.0.xlsx,Category 1: (a) Weighted mean of all methods with Category 1 estimates.,Phytoplankton,1218.8,6,6,204.3,214.65,75.55,,"Rae, J.W., Zhang, Y.G., Liu, X., Foster, G.L., Stoll, H.M. and Whiteford, R.D., 2021. Atmospheric CO2 over the Past 66 Million Years from Marine Archives. Annual Review of Earth and Planetary Sciences, 49.",Rae 2021,FALSE,1,Category 1: (a) Weighted mean of all methods with Category 1 estimates.,FALSE,TRUE,Recalculation of all alkenone CO2 results using uniform calculation methods and comprehensive treatment of uncertainties.,TRUE,FALSE,FALSE,FALSE,,,
phytoplankton_rae_2021_p1.0.xlsx,Category 1: (a) Weighted mean of all methods with Category 1 estimates.,Phytoplankton,1232.2,6,6,216.08,236.57,81.24,,"Rae, J.W., Zhang, Y.G., Liu, X., Foster, G.L., Stoll, H.M. and Whiteford, R.D., 2021. Atmospheric CO2 over the Past 66 Million Years from Marine Archives. Annual Review of Earth and Planetary Sciences, 49.",Rae 2021,FALSE,1,Category 1: (a) Weighted mean of all methods with Category 1 estimates.,FALSE,TRUE,Recalculation of all alkenone CO2 results using uniform calculation methods and comprehensive treatment of uncertainties.,TRUE,FALSE,FALSE,FALSE,,,
phytoplankton_rae_2021_p1.0.xlsx,Category 1: (a) Weighted mean of all methods with Category 1 estimates.,Phytoplankton,1250,6,6,184.61,673.23,142.63,,"Rae, J.W., Zhang, Y.G., Liu, X., Foster, G.L., Stoll, H.M. and Whiteford, R.D., 2021. Atmospheric CO2 over the Past 66 Million Years from Marine Archives. Annual Review of Earth and Planetary Sciences, 49.",Rae 2021,FALSE,1,Category 1: (a) Weighted mean of all methods with Category 1 estimates.,FALSE,TRUE,Recalculation of all alkenone CO2 results using uniform calculation methods and comprehensive treatment of uncertainties.,TRUE,FALSE,FALSE,FALSE,,,
phytoplankton_rae_2021_p1.0.xlsx,Category 1: (a) Weighted mean of all methods with Category 1 estimates.,Phytoplankton,1272,6,6,193.59,718.19,149.74,,"Rae, J.W., Zhang, Y.G., Liu, X., Foster, G.L., Stoll, H.M. and Whiteford, R.D., 2021. Atmospheric CO2 over the Past 66 Million Years from Marine Archives. Annual Review of Earth and Planetary Sciences, 49.",Rae 2021,FALSE,1,Category 1: (a) Weighted mean of all methods with Category 1 estimates.,FALSE,TRUE,Recalculation of all alkenone CO2 results using uniform calculation methods and comprehensive treatment of uncertainties.,TRUE,FALSE,FALSE,FALSE,,,
phytoplankton_rae_2021_p1.0.xlsx,Category 1: (a) Weighted mean of all methods with Category 1 estimates.,Phytoplankton,1284.6,6,6,187.44,694.04,144.92,,"Rae, J.W., Zhang, Y.G., Liu, X., Foster, G.L., Stoll, H.M. and Whiteford, R.D., 2021. Atmospheric CO2 over the Past 66 Million Years from Marine Archives. Annual Review of Earth and Planetary Sciences, 49.",Rae 2021,FALSE,1,Category 1: (a) Weighted mean of all methods with Category 1 estimates.,FALSE,TRUE,Recalculation of all alkenone CO2 results using uniform calculation methods and comprehensive treatment of uncertainties.,TRUE,FALSE,FALSE,FALSE,,,
phytoplankton_rae_2021_p1.0.xlsx,Category 1: (a) Weighted mean of all methods with Category 1 estimates.,Phytoplankton,1351.2,6,6,228.57,271.97,88.6,,"Rae, J.W., Zhang, Y.G., Liu, X., Foster, G.L., Stoll, H.M. and Whiteford, R.D., 2021. Atmospheric CO2 over the Past 66 Million Years from Marine Archives. Annual Review of Earth and Planetary Sciences, 49.",Rae 2021,FALSE,1,Category 1: (a) Weighted mean of all methods with Category 1 estimates.,FALSE,TRUE,Recalculation of all alkenone CO2 results using uniform calculation methods and comprehensive treatment of uncertainties.,TRUE,FALSE,FALSE,FALSE,,,
phytoplankton_rae_2021_p1.0.xlsx,Category 1: (a) Weighted mean of all methods with Category 1 estimates.,Phytoplankton,1651.84,6,6,189.37,709.2,145.86,,"Rae, J.W., Zhang, Y.G., Liu, X., Foster, G.L., Stoll, H.M. and Whiteford, R.D., 2021. Atmospheric CO2 over the Past 66 Million Years from Marine Archives. Annual Review of Earth and Planetary Sciences, 49.",Rae 2021,FALSE,1,Category 1: (a) Weighted mean of all methods with Category 1 estimates.,FALSE,TRUE,Recalculation of all alkenone CO2 results using uniform calculation methods and comprehensive treatment of uncertainties.,TRUE,FALSE,FALSE,FALSE,,,
phytoplankton_rae_2021_p1.0.xlsx,Category 1: (a) Weighted mean of all methods with Category 1 estimates.,Phytoplankton,1734.68,6,6,199.28,787.39,154.38,,"Rae, J.W., Zhang, Y.G., Liu, X., Foster, G.L., Stoll, H.M. and Whiteford, R.D., 2021. Atmospheric CO2 over the Past 66 Million Years from Marine Archives. Annual Review of Earth and Planetary Sciences, 49.",Rae 2021,FALSE,1,Category 1: (a) Weighted mean of all methods with Category 1 estimates.,FALSE,TRUE,Recalculation of all alkenone CO2 results using uniform calculation methods and comprehensive treatment of uncertainties.,TRUE,FALSE,FALSE,FALSE,,,
phytoplankton_rae_2021_p1.0.xlsx,Category 1: (a) Weighted mean of all methods with Category 1 estimates.,Phytoplankton,1959.14,6,6,198.5,771.07,156.03,,"Rae, J.W., Zhang, Y.G., Liu, X., Foster, G.L., Stoll, H.M. and Whiteford, R.D., 2021. Atmospheric CO2 over the Past 66 Million Years from Marine Archives. Annual Review of Earth and Planetary Sciences, 49.",Rae 2021,FALSE,1,Category 1: (a) Weighted mean of all methods with Category 1 estimates.,FALSE,TRUE,Recalculation of all alkenone CO2 results using uniform calculation methods and comprehensive treatment of uncertainties.,TRUE,FALSE,FALSE,FALSE,,,
phytoplankton_rae_2021_p1.0.xlsx,Category 1: (a) Weighted mean of all methods with Category 1 estimates.,Phytoplankton,2094.82,6,6,235.1,276.14,91.94,,"Rae, J.W., Zhang, Y.G., Liu, X., Foster, G.L., Stoll, H.M. and Whiteford, R.D., 2021. Atmospheric CO2 over the Past 66 Million Years from Marine Archives. Annual Review of Earth and Planetary Sciences, 49.",Rae 2021,FALSE,1,Category 1: (a) Weighted mean of all methods with Category 1 estimates.,FALSE,TRUE,Recalculation of all alkenone CO2 results using uniform calculation methods and comprehensive treatment of uncertainties.,TRUE,FALSE,FALSE,FALSE,,,
phytoplankton_rae_2021_p1.0.xlsx,Category 1: (a) Weighted mean of all methods with Category 1 estimates.,Phytoplankton,2198.23,6,6,235.16,270.01,91.06,,"Rae, J.W., Zhang, Y.G., Liu, X., Foster, G.L., Stoll, H.M. and Whiteford, R.D., 2021. Atmospheric CO2 over the Past 66 Million Years from Marine Archives. Annual Review of Earth and Planetary Sciences, 49.",Rae 2021,FALSE,1,Category 1: (a) Weighted mean of all methods with Category 1 estimates.,FALSE,TRUE,Recalculation of all alkenone CO2 results using uniform calculation methods and comprehensive treatment of uncertainties.,TRUE,FALSE,FALSE,FALSE,,,
phytoplankton_rae_2021_p1.0.xlsx,Category 1: (a) Weighted mean of all methods with Category 1 estimates.,Phytoplankton,2298.07,6,6,258.78,324.74,104.72,,"Rae, J.W., Zhang, Y.G., Liu, X., Foster, G.L., Stoll, H.M. and Whiteford, R.D., 2021. Atmospheric CO2 over the Past 66 Million Years from Marine Archives. Annual Review of Earth and Planetary Sciences, 49.",Rae 2021,FALSE,1,Category 1: (a) Weighted mean of all methods with Category 1 estimates.,FALSE,TRUE,Recalculation of all alkenone CO2 results using uniform calculation methods and comprehensive treatment of uncertainties.,TRUE,FALSE,FALSE,FALSE,,,
phytoplankton_rae_2021_p1.0.xlsx,Category 1: (a) Weighted mean of all methods with Category 1 estimates.,Phytoplankton,2421.36,6,6,275.45,356.07,112,,"Rae, J.W., Zhang, Y.G., Liu, X., Foster, G.L., Stoll, H.M. and Whiteford, R.D., 2021. Atmospheric CO2 over the Past 66 Million Years from Marine Archives. Annual Review of Earth and Planetary Sciences, 49.",Rae 2021,FALSE,1,Category 1: (a) Weighted mean of all methods with Category 1 estimates.,FALSE,TRUE,Recalculation of all alkenone CO2 results using uniform calculation methods and comprehensive treatment of uncertainties.,TRUE,FALSE,FALSE,FALSE,,,
phytoplankton_rae_2021_p1.0.xlsx,Category 1: (a) Weighted mean of all methods with Category 1 estimates.,Phytoplankton,2601.69,6,6,246.56,292.67,96.33,,"Rae, J.W., Zhang, Y.G., Liu, X., Foster, G.L., Stoll, H.M. and Whiteford, R.D., 2021. Atmospheric CO2 over the Past 66 Million Years from Marine Archives. Annual Review of Earth and Planetary Sciences, 49.",Rae 2021,FALSE,1,Category 1: (a) Weighted mean of all methods with Category 1 estimates.,FALSE,TRUE,Recalculation of all alkenone CO2 results using uniform calculation methods and comprehensive treatment of uncertainties.,TRUE,FALSE,FALSE,FALSE,,,
phytoplankton_rae_2021_p1.0.xlsx,Category 1: (a) Weighted mean of all methods with Category 1 estimates.,Phytoplankton,2619.66,6,6,191.2,681.55,148.18,,"Rae, J.W., Zhang, Y.G., Liu, X., Foster, G.L., Stoll, H.M. and Whiteford, R.D., 2021. Atmospheric CO2 over the Past 66 Million Years from Marine Archives. Annual Review of Earth and Planetary Sciences, 49.",Rae 2021,FALSE,1,Category 1: (a) Weighted mean of all methods with Category 1 estimates.,FALSE,TRUE,Recalculation of all alkenone CO2 results using uniform calculation methods and comprehensive treatment of uncertainties.,TRUE,FALSE,FALSE,FALSE,,,
phytoplankton_zhang_2019_p1.0.xlsx,Category 1: (a) Weighted mean of all methods with Category 1 estimates.,Phytoplankton,16.59,4,4,191.26,198.57,70.2,,"Zhang, Yi Ge, et al. ""Refining the alkenone-pCO2 method I: Lessons from the Quaternary glacial cycles."" Geochimica et Cosmochimica Acta (2019).",Zhang 2019,FALSE,1,Category 1: (a) Weighted mean of all methods with Category 1 estimates.,FALSE,TRUE,Recalculation of all alkenone CO2 results using uniform calculation methods and comprehensive treatment of uncertainties.,TRUE,FALSE,FALSE,FALSE,,,
phytoplankton_zhang_2019_p1.0.xlsx,Category 1: (a) Weighted mean of all methods with Category 1 estimates.,Phytoplankton,115.89,4,4,248.14,206.16,95.95,,"Zhang, Yi Ge, et al. ""Refining the alkenone-pCO2 method I: Lessons from the Quaternary glacial cycles."" Geochimica et Cosmochimica Acta (2019).",Zhang 2019,FALSE,1,Category 1: (a) Weighted mean of all methods with Category 1 estimates.,FALSE,TRUE,Recalculation of all alkenone CO2 results using uniform calculation methods and comprehensive treatment of uncertainties.,TRUE,FALSE,FALSE,FALSE,,,
phytoplankton_zhang_2019_p1.0.xlsx,Category 1: (a) Weighted mean of all methods with Category 1 estimates.,Phytoplankton,132.5,4,4,244.32,191.6,95.98,,"Zhang, Yi Ge, et al. ""Refining the alkenone-pCO2 method I: Lessons from the Quaternary glacial cycles."" Geochimica et Cosmochimica Acta (2019).",Zhang 2019,FALSE,1,Category 1: (a) Weighted mean of all methods with Category 1 estimates.,FALSE,TRUE,Recalculation of all alkenone CO2 results using uniform calculation methods and comprehensive treatment of uncertainties.,TRUE,FALSE,FALSE,FALSE,,,
phytoplankton_zhang_2019_p1.0.xlsx,Category 1: (a) Weighted mean of all methods with Category 1 estimates.,Phytoplankton,153.69,4,4,188.28,195.85,67,,"Zhang, Yi Ge, et al. ""Refining the alkenone-pCO2 method I: Lessons from the Quaternary glacial cycles."" Geochimica et Cosmochimica Acta (2019).",Zhang 2019,FALSE,1,Category 1: (a) Weighted mean of all methods with Category 1 estimates.,FALSE,TRUE,Recalculation of all alkenone CO2 results using uniform calculation methods and comprehensive treatment of uncertainties.,TRUE,FALSE,FALSE,FALSE,,,
phytoplankton_zhang_2019_p1.0.xlsx,Category 1: (a) Weighted mean of all methods with Category 1 estimates.,Phytoplankton,165.54,4,4,241.34,195.35,96.17,,"Zhang, Yi Ge, et al. ""Refining the alkenone-pCO2 method I: Lessons from the Quaternary glacial cycles."" Geochimica et Cosmochimica Acta (2019).",Zhang 2019,FALSE,1,Category 1: (a) Weighted mean of all methods with Category 1 estimates.,FALSE,TRUE,Recalculation of all alkenone CO2 results using uniform calculation methods and comprehensive treatment of uncertainties.,TRUE,FALSE,FALSE,FALSE,,,
phytoplankton_zhang_2019_p1.0.xlsx,Category 1: (a) Weighted mean of all methods with Category 1 estimates.,Phytoplankton,301.97,4,4,246.04,233.13,146.09,,"Zhang, Yi Ge, et al. ""Refining the alkenone-pCO2 method I: Lessons from the Quaternary glacial cycles."" Geochimica et Cosmochimica Acta (2019).",Zhang 2019,FALSE,1,Category 1: (a) Weighted mean of all methods with Category 1 estimates.,FALSE,TRUE,Recalculation of all alkenone CO2 results using uniform calculation methods and comprehensive treatment of uncertainties.,TRUE,FALSE,FALSE,FALSE,,,
phytoplankton_zhang_2019_p1.0.xlsx,Category 1: (a) Weighted mean of all methods with Category 1 estimates.,Phytoplankton,376.38,4,4,148.94,509.05,114.2,,"Zhang, Yi Ge, et al. ""Refining the alkenone-pCO2 method I: Lessons from the Quaternary glacial cycles."" Geochimica et Cosmochimica Acta (2019).",Zhang 2019,FALSE,1,Category 1: (a) Weighted mean of all methods with Category 1 estimates.,FALSE,TRUE,Recalculation of all alkenone CO2 results using uniform calculation methods and comprehensive treatment of uncertainties.,TRUE,FALSE,FALSE,FALSE,,,
phytoplankton_zhang_2019_p1.0.xlsx,Category 1: (a) Weighted mean of all methods with Category 1 estimates.,Phytoplankton,1.99,4,4,244.08,261.62,156.19,,"Zhang, Yi Ge, et al. ""Refining the alkenone-pCO2 method I: Lessons from the Quaternary glacial cycles."" Geochimica et Cosmochimica Acta (2019).",Zhang 2019,FALSE,1,Category 1: (a) Weighted mean of all methods with Category 1 estimates.,FALSE,TRUE,Recalculation of all alkenone CO2 results using uniform calculation methods and comprehensive treatment of uncertainties.,TRUE,FALSE,FALSE,FALSE,,,
phytoplankton_zhang_2019_p1.0.xlsx,Category 1: (a) Weighted mean of all methods with Category 1 estimates.,Phytoplankton,40.84,4,4,150.87,536.19,116.25,,"Zhang, Yi Ge, et al. ""Refining the alkenone-pCO2 method I: Lessons from the Quaternary glacial cycles."" Geochimica et Cosmochimica Acta (2019).",Zhang 2019,FALSE,1,Category 1: (a) Weighted mean of all methods with Category 1 estimates.,FALSE,TRUE,Recalculation of all alkenone CO2 results using uniform calculation methods and comprehensive treatment of uncertainties.,TRUE,FALSE,FALSE,FALSE,,,
phytoplankton_zhang_2019_p1.0.xlsx,Category 1: (a) Weighted mean of all methods with Category 1 estimates.,Phytoplankton,113.57,4,4,165.94,572.93,127.48,,"Zhang, Yi Ge, et al. ""Refining the alkenone-pCO2 method I: Lessons from the Quaternary glacial cycles."" Geochimica et Cosmochimica Acta (2019).",Zhang 2019,FALSE,1,Category 1: (a) Weighted mean of all methods with Category 1 estimates.,FALSE,TRUE,Recalculation of all alkenone CO2 results using uniform calculation methods and comprehensive treatment of uncertainties.,TRUE,FALSE,FALSE,FALSE,,,
phytoplankton_zhang_2019_p1.0.xlsx,Category 1: (a) Weighted mean of all methods with Category 1 estimates.,Phytoplankton,123.23,4,4,183.28,656.5,140.33,,"Zhang, Yi Ge, et al. ""Refining the alkenone-pCO2 method I: Lessons from the Quaternary glacial cycles."" Geochimica et Cosmochimica Acta (2019).",Zhang 2019,FALSE,1,Category 1: (a) Weighted mean of all methods with Category 1 estimates.,FALSE,TRUE,Recalculation of all alkenone CO2 results using uniform calculation methods and comprehensive treatment of uncertainties.,TRUE,FALSE,FALSE,FALSE,,,
phytoplankton_zhang_2019_p1.0.xlsx,Category 1: (a) Weighted mean of all methods with Category 1 estimates.,Phytoplankton,128.06,4,4,183.51,625.87,140.76,,"Zhang, Yi Ge, et al. ""Refining the alkenone-pCO2 method I: Lessons from the Quaternary glacial cycles."" Geochimica et Cosmochimica Acta (2019).",Zhang 2019,FALSE,1,Category 1: (a) Weighted mean of all methods with Category 1 estimates.,FALSE,TRUE,Recalculation of all alkenone CO2 results using uniform calculation methods and comprehensive treatment of uncertainties.,TRUE,FALSE,FALSE,FALSE,,,
phytoplankton_zhang_2019_p1.0.xlsx,Category 1: (a) Weighted mean of all methods with Category 1 estimates.,Phytoplankton,136.84,4,4,160.53,525.45,121.85,,"Zhang, Yi Ge, et al. ""Refining the alkenone-pCO2 method I: Lessons from the Quaternary glacial cycles."" Geochimica et Cosmochimica Acta (2019).",Zhang 2019,FALSE,1,Category 1: (a) Weighted mean of all methods with Category 1 estimates.,FALSE,TRUE,Recalculation of all alkenone CO2 results using uniform calculation methods and comprehensive treatment of uncertainties.,TRUE,FALSE,FALSE,FALSE,,,
phytoplankton_zhang_2019_p1.0.xlsx,Category 1: (a) Weighted mean of all methods with Category 1 estimates.,Phytoplankton,138.59,4,4,168.9,570.18,129.03,,"Zhang, Yi Ge, et al. ""Refining the alkenone-pCO2 method I: Lessons from the Quaternary glacial cycles."" Geochimica et Cosmochimica Acta (2019).",Zhang 2019,FALSE,1,Category 1: (a) Weighted mean of all methods with Category 1 estimates.,FALSE,TRUE,Recalculation of all alkenone CO2 results using uniform calculation methods and comprehensive treatment of uncertainties.,TRUE,FALSE,FALSE,FALSE,,,
phytoplankton_zhang_2019_p1.0.xlsx,Category 1: (a) Weighted mean of all methods with Category 1 estimates.,Phytoplankton,200.91,4,4,176.87,614.12,134.66,,"Zhang, Yi Ge, et al. ""Refining the alkenone-pCO2 method I: Lessons from the Quaternary glacial cycles."" Geochimica et Cosmochimica Acta (2019).",Zhang 2019,FALSE,1,Category 1: (a) Weighted mean of all methods with Category 1 estimates.,FALSE,TRUE,Recalculation of all alkenone CO2 results using uniform calculation methods and comprehensive treatment of uncertainties.,TRUE,FALSE,FALSE,FALSE,,,
phytoplankton_zhang_2019_p1.0.xlsx,Category 1: (a) Weighted mean of all methods with Category 1 estimates.,Phytoplankton,228.53,4,4,146.23,504.6,110.43,,"Zhang, Yi Ge, et al. ""Refining the alkenone-pCO2 method I: Lessons from the Quaternary glacial cycles."" Geochimica et Cosmochimica Acta (2019).",Zhang 2019,FALSE,1,Category 1: (a) Weighted mean of all methods with Category 1 estimates.,FALSE,TRUE,Recalculation of all alkenone CO2 results using uniform calculation methods and comprehensive treatment of uncertainties.,TRUE,FALSE,FALSE,FALSE,,,
phytoplankton_zhang_2019_p1.0.xlsx,Category 1: (a) Weighted mean of all methods with Category 1 estimates.,Phytoplankton,260.91,4,4,150.21,519.23,114.32,,"Zhang, Yi Ge, et al. ""Refining the alkenone-pCO2 method I: Lessons from the Quaternary glacial cycles."" Geochimica et Cosmochimica Acta (2019).",Zhang 2019,FALSE,1,Category 1: (a) Weighted mean of all methods with Category 1 estimates.,FALSE,TRUE,Recalculation of all alkenone CO2 results using uniform calculation methods and comprehensive treatment of uncertainties.,TRUE,FALSE,FALSE,FALSE,,,
phytoplankton_zhang_2019_p1.0.xlsx,Category 1: (a) Weighted mean of all methods with Category 1 estimates.,Phytoplankton,307.52,4,4,147.91,498.64,113.68,,"Zhang, Yi Ge, et al. ""Refining the alkenone-pCO2 method I: Lessons from the Quaternary glacial cycles."" Geochimica et Cosmochimica Acta (2019).",Zhang 2019,FALSE,1,Category 1: (a) Weighted mean of all methods with Category 1 estimates.,FALSE,TRUE,Recalculation of all alkenone CO2 results using uniform calculation methods and comprehensive treatment of uncertainties.,TRUE,FALSE,FALSE,FALSE,,,
phytoplankton_zhang_2019_p1.0.xlsx,Category 1: (a) Weighted mean of all methods with Category 1 estimates.,Phytoplankton,337.58,4,4,163.44,547.2,125.03,,"Zhang, Yi Ge, et al. ""Refining the alkenone-pCO2 method I: Lessons from the Quaternary glacial cycles."" Geochimica et Cosmochimica Acta (2019).",Zhang 2019,FALSE,1,Category 1: (a) Weighted mean of all methods with Category 1 estimates.,FALSE,TRUE,Recalculation of all alkenone CO2 results using uniform calculation methods and comprehensive treatment of uncertainties.,TRUE,FALSE,FALSE,FALSE,,,
phytoplankton_zhang_2019_p1.0.xlsx,Category 1: (a) Weighted mean of all methods with Category 1 estimates.,Phytoplankton,348.38,4,4,146.3,497.1,112.91,,"Zhang, Yi Ge, et al. ""Refining the alkenone-pCO2 method I: Lessons from the Quaternary glacial cycles."" Geochimica et Cosmochimica Acta (2019).",Zhang 2019,FALSE,1,Category 1: (a) Weighted mean of all methods with Category 1 estimates.,FALSE,TRUE,Recalculation of all alkenone CO2 results using uniform calculation methods and comprehensive treatment of uncertainties.,TRUE,FALSE,FALSE,FALSE,,,
phytoplankton_zhang_2019_p1.0.xlsx,Category 1: (a) Weighted mean of all methods with Category 1 estimates.,Phytoplankton,403.07,4,4,252.09,259.4,160.67,,"Zhang, Yi Ge, et al. ""Refining the alkenone-pCO2 method I: Lessons from the Quaternary glacial cycles."" Geochimica et Cosmochimica Acta (2019).",Zhang 2019,FALSE,1,Category 1: (a) Weighted mean of all methods with Category 1 estimates.,FALSE,TRUE,Recalculation of all alkenone CO2 results using uniform calculation methods and comprehensive treatment of uncertainties.,TRUE,FALSE,FALSE,FALSE,,,
phytoplankton_zhang_2019_p1.0.xlsx,Category 1: (a) Weighted mean of all methods with Category 1 estimates.,Phytoplankton,415.28,4,4,158.85,548.72,121,,"Zhang, Yi Ge, et al. ""Refining the alkenone-pCO2 method I: Lessons from the Quaternary glacial cycles."" Geochimica et Cosmochimica Acta (2019).",Zhang 2019,FALSE,1,Category 1: (a) Weighted mean of all methods with Category 1 estimates.,FALSE,TRUE,Recalculation of all alkenone CO2 results using uniform calculation methods and comprehensive treatment of uncertainties.,TRUE,FALSE,FALSE,FALSE,,,
phytoplankton_zhang_2019_p1.0.xlsx,Category 1: (a) Weighted mean of all methods with Category 1 estimates.,Phytoplankton,485.27,4,4,165.31,573.6,125.01,,"Zhang, Yi Ge, et al. ""Refining the alkenone-pCO2 method I: Lessons from the Quaternary glacial cycles."" Geochimica et Cosmochimica Acta (2019).",Zhang 2019,FALSE,1,Category 1: (a) Weighted mean of all methods with Category 1 estimates.,FALSE,TRUE,Recalculation of all alkenone CO2 results using uniform calculation methods and comprehensive treatment of uncertainties.,TRUE,FALSE,FALSE,FALSE,,,
phytoplankton_zhang_2019_p1.0.xlsx,Category 1: (a) Weighted mean of all methods with Category 1 estimates.,Phytoplankton,616.27,4,4,166.37,591.69,127.58,,"Zhang, Yi Ge, et al. ""Refining the alkenone-pCO2 method I: Lessons from the Quaternary glacial cycles."" Geochimica et Cosmochimica Acta (2019).",Zhang 2019,FALSE,1,Category 1: (a) Weighted mean of all methods with Category 1 estimates.,FALSE,TRUE,Recalculation of all alkenone CO2 results using uniform calculation methods and comprehensive treatment of uncertainties.,TRUE,FALSE,FALSE,FALSE,,,
phytoplankton_zhang_2019_p1.0.xlsx,Category 1: (a) Weighted mean of all methods with Category 1 estimates.,Phytoplankton,643.08,4,4,167.17,571.18,127.71,,"Zhang, Yi Ge, et al. ""Refining the alkenone-pCO2 method I: Lessons from the Quaternary glacial cycles."" Geochimica et Cosmochimica Acta (2019).",Zhang 2019,FALSE,1,Category 1: (a) Weighted mean of all methods with Category 1 estimates.,FALSE,TRUE,Recalculation of all alkenone CO2 results using uniform calculation methods and comprehensive treatment of uncertainties.,TRUE,FALSE,FALSE,FALSE,,,
phytoplankton_zhang_2019_p1.0.xlsx,Category 1: (a) Weighted mean of all methods with Category 1 estimates.,Phytoplankton,702.17,4,4,191.15,682.82,146.84,,"Zhang, Yi Ge, et al. ""Refining the alkenone-pCO2 method I: Lessons from the Quaternary glacial cycles."" Geochimica et Cosmochimica Acta (2019).",Zhang 2019,FALSE,1,Category 1: (a) Weighted mean of all methods with Category 1 estimates.,FALSE,TRUE,Recalculation of all alkenone CO2 results using uniform calculation methods and comprehensive treatment of uncertainties.,TRUE,FALSE,FALSE,FALSE,,,
phytoplankton_zhang_2019_p1.0.xlsx,Category 1: (a) Weighted mean of all methods with Category 1 estimates.,Phytoplankton,707.44,4,4,158.67,532.02,119.46,,"Zhang, Yi Ge, et al. ""Refining the alkenone-pCO2 method I: Lessons from the Quaternary glacial cycles."" Geochimica et Cosmochimica Acta (2019).",Zhang 2019,FALSE,1,Category 1: (a) Weighted mean of all methods with Category 1 estimates.,FALSE,TRUE,Recalculation of all alkenone CO2 results using uniform calculation methods and comprehensive treatment of uncertainties.,TRUE,FALSE,FALSE,FALSE,,,
phytoplankton_zhang_2019_p1.0.xlsx,Category 1: (a) Weighted mean of all methods with Category 1 estimates.,Phytoplankton,721.21,4,4,156.51,527.11,119.73,,"Zhang, Yi Ge, et al. ""Refining the alkenone-pCO2 method I: Lessons from the Quaternary glacial cycles."" Geochimica et Cosmochimica Acta (2019).",Zhang 2019,FALSE,1,Category 1: (a) Weighted mean of all methods with Category 1 estimates.,FALSE,TRUE,Recalculation of all alkenone CO2 results using uniform calculation methods and comprehensive treatment of uncertainties.,TRUE,FALSE,FALSE,FALSE,,,
phytoplankton_zhang_2019_p1.0.xlsx,Category 1: (a) Weighted mean of all methods with Category 1 estimates.,Phytoplankton,789.46,4,4,164.65,559.3,125.54,,"Zhang, Yi Ge, et al. ""Refining the alkenone-pCO2 method I: Lessons from the Quaternary glacial cycles."" Geochimica et Cosmochimica Acta (2019).",Zhang 2019,FALSE,1,Category 1: (a) Weighted mean of all methods with Category 1 estimates.,FALSE,TRUE,Recalculation of all alkenone CO2 results using uniform calculation methods and comprehensive treatment of uncertainties.,TRUE,FALSE,FALSE,FALSE,,,
phytoplankton_gonzalez-lanchas_2021_p1.0.xlsx,Category 1: (a) Weighted mean of all methods with Category 1 estimates.,Phytoplankton,334.69,4,4,366.36,572.02,172.69,,"González-Lanchas, A., Hernández- Alméida, I., Flores, J.-A., Sierro, F. J., Guitian, J., & Stoll, H. M. (2021). Carbon isotopic fractionation of alkenones and Gephyrocapsa coccoliths over the Late Quaternary (marine isotope stages 12–9) glacial-interglacial cycles at the western tropical Atlantic. Paleoceanography and Paleoclimatology, 36, e2020PA004175. https://doi. org/10.1029/2020PA004175",Gonzalez-Lanchas 2021,FALSE,1,Category 1: (a) Weighted mean of all methods with Category 1 estimates.,FALSE,TRUE,Recalculation of all alkenone CO2 results using uniform calculation methods and comprehensive treatment of uncertainties.,TRUE,FALSE,FALSE,FALSE,,,
phytoplankton_gonzalez-lanchas_2021_p1.0.xlsx,Category 1: (a) Weighted mean of all methods with Category 1 estimates.,Phytoplankton,345.77,4,4,199.35,222.6,80.58,,"González-Lanchas, A., Hernández- Alméida, I., Flores, J.-A., Sierro, F. J., Guitian, J., & Stoll, H. M. (2021). Carbon isotopic fractionation of alkenones and Gephyrocapsa coccoliths over the Late Quaternary (marine isotope stages 12–9) glacial-interglacial cycles at the western tropical Atlantic. Paleoceanography and Paleoclimatology, 36, e2020PA004175. https://doi. org/10.1029/2020PA004175",Gonzalez-Lanchas 2021,FALSE,1,Category 1: (a) Weighted mean of all methods with Category 1 estimates.,FALSE,TRUE,Recalculation of all alkenone CO2 results using uniform calculation methods and comprehensive treatment of uncertainties.,TRUE,FALSE,FALSE,FALSE,,,
phytoplankton_gonzalez-lanchas_2021_p1.0.xlsx,Category 1: (a) Weighted mean of all methods with Category 1 estimates.,Phytoplankton,357.86,4,4,224.23,267.69,92.78,,"González-Lanchas, A., Hernández- Alméida, I., Flores, J.-A., Sierro, F. J., Guitian, J., & Stoll, H. M. (2021). Carbon isotopic fractionation of alkenones and Gephyrocapsa coccoliths over the Late Quaternary (marine isotope stages 12–9) glacial-interglacial cycles at the western tropical Atlantic. Paleoceanography and Paleoclimatology, 36, e2020PA004175. https://doi. org/10.1029/2020PA004175",Gonzalez-Lanchas 2021,FALSE,1,Category 1: (a) Weighted mean of all methods with Category 1 estimates.,FALSE,TRUE,Recalculation of all alkenone CO2 results using uniform calculation methods and comprehensive treatment of uncertainties.,TRUE,FALSE,FALSE,FALSE,,,
phytoplankton_gonzalez-lanchas_2021_p1.0.xlsx,Category 1: (a) Weighted mean of all methods with Category 1 estimates.,Phytoplankton,365.13,4,4,231.38,295.08,98.81,,"González-Lanchas, A., Hernández- Alméida, I., Flores, J.-A., Sierro, F. J., Guitian, J., & Stoll, H. M. (2021). Carbon isotopic fractionation of alkenones and Gephyrocapsa coccoliths over the Late Quaternary (marine isotope stages 12–9) glacial-interglacial cycles at the western tropical Atlantic. Paleoceanography and Paleoclimatology, 36, e2020PA004175. https://doi. org/10.1029/2020PA004175",Gonzalez-Lanchas 2021,FALSE,1,Category 1: (a) Weighted mean of all methods with Category 1 estimates.,FALSE,TRUE,Recalculation of all alkenone CO2 results using uniform calculation methods and comprehensive treatment of uncertainties.,TRUE,FALSE,FALSE,FALSE,,,
phytoplankton_gonzalez-lanchas_2021_p1.0.xlsx,Category 1: (a) Weighted mean of all methods with Category 1 estimates.,Phytoplankton,374.57,4,4,194.16,223.87,76.68,,"González-Lanchas, A., Hernández- Alméida, I., Flores, J.-A., Sierro, F. J., Guitian, J., & Stoll, H. M. (2021). Carbon isotopic fractionation of alkenones and Gephyrocapsa coccoliths over the Late Quaternary (marine isotope stages 12–9) glacial-interglacial cycles at the western tropical Atlantic. Paleoceanography and Paleoclimatology, 36, e2020PA004175. https://doi. org/10.1029/2020PA004175",Gonzalez-Lanchas 2021,FALSE,1,Category 1: (a) Weighted mean of all methods with Category 1 estimates.,FALSE,TRUE,Recalculation of all alkenone CO2 results using uniform calculation methods and comprehensive treatment of uncertainties.,TRUE,FALSE,FALSE,FALSE,,,
phytoplankton_gonzalez-lanchas_2021_p1.0.xlsx,Category 1: (a) Weighted mean of all methods with Category 1 estimates.,Phytoplankton,389.35,4,4,235.27,283.04,98.34,,"González-Lanchas, A., Hernández- Alméida, I., Flores, J.-A., Sierro, F. J., Guitian, J., & Stoll, H. M. (2021). Carbon isotopic fractionation of alkenones and Gephyrocapsa coccoliths over the Late Quaternary (marine isotope stages 12–9) glacial-interglacial cycles at the western tropical Atlantic. Paleoceanography and Paleoclimatology, 36, e2020PA004175. https://doi. org/10.1029/2020PA004175",Gonzalez-Lanchas 2021,FALSE,1,Category 1: (a) Weighted mean of all methods with Category 1 estimates.,FALSE,TRUE,Recalculation of all alkenone CO2 results using uniform calculation methods and comprehensive treatment of uncertainties.,TRUE,FALSE,FALSE,FALSE,,,
phytoplankton_gonzalez-lanchas_2021_p1.0.xlsx,Category 1: (a) Weighted mean of all methods with Category 1 estimates.,Phytoplankton,399.35,4,4,243.31,318.26,103.43,,"González-Lanchas, A., Hernández- Alméida, I., Flores, J.-A., Sierro, F. J., Guitian, J., & Stoll, H. M. (2021). Carbon isotopic fractionation of alkenones and Gephyrocapsa coccoliths over the Late Quaternary (marine isotope stages 12–9) glacial-interglacial cycles at the western tropical Atlantic. Paleoceanography and Paleoclimatology, 36, e2020PA004175. https://doi. org/10.1029/2020PA004175",Gonzalez-Lanchas 2021,FALSE,1,Category 1: (a) Weighted mean of all methods with Category 1 estimates.,FALSE,TRUE,Recalculation of all alkenone CO2 results using uniform calculation methods and comprehensive treatment of uncertainties.,TRUE,FALSE,FALSE,FALSE,,,
phytoplankton_gonzalez-lanchas_2021_p1.0.xlsx,Category 1: (a) Weighted mean of all methods with Category 1 estimates.,Phytoplankton,405.23,4,4,208.43,240.2,83.84,,"González-Lanchas, A., Hernández- Alméida, I., Flores, J.-A., Sierro, F. J., Guitian, J., & Stoll, H. M. (2021). Carbon isotopic fractionation of alkenones and Gephyrocapsa coccoliths over the Late Quaternary (marine isotope stages 12–9) glacial-interglacial cycles at the western tropical Atlantic. Paleoceanography and Paleoclimatology, 36, e2020PA004175. https://doi. org/10.1029/2020PA004175",Gonzalez-Lanchas 2021,FALSE,1,Category 1: (a) Weighted mean of all methods with Category 1 estimates.,FALSE,TRUE,Recalculation of all alkenone CO2 results using uniform calculation methods and comprehensive treatment of uncertainties.,TRUE,FALSE,FALSE,FALSE,,,
phytoplankton_gonzalez-lanchas_2021_p1.0.xlsx,Category 1: (a) Weighted mean of all methods with Category 1 estimates.,Phytoplankton,410.06,4,4,253.8,332.93,106.18,,"González-Lanchas, A., Hernández- Alméida, I., Flores, J.-A., Sierro, F. J., Guitian, J., & Stoll, H. M. (2021). Carbon isotopic fractionation of alkenones and Gephyrocapsa coccoliths over the Late Quaternary (marine isotope stages 12–9) glacial-interglacial cycles at the western tropical Atlantic. Paleoceanography and Paleoclimatology, 36, e2020PA004175. https://doi. org/10.1029/2020PA004175",Gonzalez-Lanchas 2021,FALSE,1,Category 1: (a) Weighted mean of all methods with Category 1 estimates.,FALSE,TRUE,Recalculation of all alkenone CO2 results using uniform calculation methods and comprehensive treatment of uncertainties.,TRUE,FALSE,FALSE,FALSE,,,
phytoplankton_gonzalez-lanchas_2021_p1.0.xlsx,Category 1: (a) Weighted mean of all methods with Category 1 estimates.,Phytoplankton,414.33,4,4,281.67,401.12,123.8,,"González-Lanchas, A., Hernández- Alméida, I., Flores, J.-A., Sierro, F. J., Guitian, J., & Stoll, H. M. (2021). Carbon isotopic fractionation of alkenones and Gephyrocapsa coccoliths over the Late Quaternary (marine isotope stages 12–9) glacial-interglacial cycles at the western tropical Atlantic. Paleoceanography and Paleoclimatology, 36, e2020PA004175. https://doi. org/10.1029/2020PA004175",Gonzalez-Lanchas 2021,FALSE,1,Category 1: (a) Weighted mean of all methods with Category 1 estimates.,FALSE,TRUE,Recalculation of all alkenone CO2 results using uniform calculation methods and comprehensive treatment of uncertainties.,TRUE,FALSE,FALSE,FALSE,,,
phytoplankton_gonzalez-lanchas_2021_p1.0.xlsx,Category 1: (a) Weighted mean of all methods with Category 1 estimates.,Phytoplankton,447.63,4,4,200.08,229.77,78.16,,"González-Lanchas, A., Hernández- Alméida, I., Flores, J.-A., Sierro, F. J., Guitian, J., & Stoll, H. M. (2021). Carbon isotopic fractionation of alkenones and Gephyrocapsa coccoliths over the Late Quaternary (marine isotope stages 12–9) glacial-interglacial cycles at the western tropical Atlantic. Paleoceanography and Paleoclimatology, 36, e2020PA004175. https://doi. org/10.1029/2020PA004175",Gonzalez-Lanchas 2021,FALSE,1,Category 1: (a) Weighted mean of all methods with Category 1 estimates.,FALSE,TRUE,Recalculation of all alkenone CO2 results using uniform calculation methods and comprehensive treatment of uncertainties.,TRUE,FALSE,FALSE,FALSE,,,
phytoplankton_gonzalez-lanchas_2021_p1.0.xlsx,Category 1: (a) Weighted mean of all methods with Category 1 estimates.,Phytoplankton,454.24,4,4,179.96,606.76,138.09,,"González-Lanchas, A., Hernández- Alméida, I., Flores, J.-A., Sierro, F. J., Guitian, J., & Stoll, H. M. (2021). Carbon isotopic fractionation of alkenones and Gephyrocapsa coccoliths over the Late Quaternary (marine isotope stages 12–9) glacial-interglacial cycles at the western tropical Atlantic. Paleoceanography and Paleoclimatology, 36, e2020PA004175. https://doi. org/10.1029/2020PA004175",Gonzalez-Lanchas 2021,FALSE,1,Category 1: (a) Weighted mean of all methods with Category 1 estimates.,FALSE,TRUE,Recalculation of all alkenone CO2 results using uniform calculation methods and comprehensive treatment of uncertainties.,TRUE,FALSE,FALSE,FALSE,,,
phytoplankton_zhang_2020_p1.0.xlsx,Category 1: (a) Weighted mean of all methods with Category 1 estimates.,Phytoplankton,37.12,4,4,177.45,588.91,135.81,,"Zhang, Y.G., Henderiks, J. and Liu, X. (2020) Refining the alkenone-pCO2 method II: Towards resolving the physiological parameter ‘b’. Geochimica et Cosmochimica Acta 281, 118-134.",Zhang 2020,FALSE,1,Category 1: (a) Weighted mean of all methods with Category 1 estimates.,FALSE,TRUE,Recalculation of all alkenone CO2 results using uniform calculation methods and comprehensive treatment of uncertainties.,TRUE,FALSE,FALSE,FALSE,,,
phytoplankton_zhang_2020_p1.0.xlsx,Category 1: (a) Weighted mean of all methods with Category 1 estimates.,Phytoplankton,37.59,4,4,176.2,614.97,134.49,,"Zhang, Y.G., Henderiks, J. and Liu, X. (2020) Refining the alkenone-pCO2 method II: Towards resolving the physiological parameter ‘b’. Geochimica et Cosmochimica Acta 281, 118-134.",Zhang 2020,FALSE,1,Category 1: (a) Weighted mean of all methods with Category 1 estimates.,FALSE,TRUE,Recalculation of all alkenone CO2 results using uniform calculation methods and comprehensive treatment of uncertainties.,TRUE,FALSE,FALSE,FALSE,,,
phytoplankton_zhang_2020_p1.0.xlsx,Category 1: (a) Weighted mean of all methods with Category 1 estimates.,Phytoplankton,99.65,4,4,201.22,727.62,156.98,,"Zhang, Y.G., Henderiks, J. and Liu, X. (2020) Refining the alkenone-pCO2 method II: Towards resolving the physiological parameter ‘b’. Geochimica et Cosmochimica Acta 281, 118-134.",Zhang 2020,FALSE,1,Category 1: (a) Weighted mean of all methods with Category 1 estimates.,FALSE,TRUE,Recalculation of all alkenone CO2 results using uniform calculation methods and comprehensive treatment of uncertainties.,TRUE,FALSE,FALSE,FALSE,,,
phytoplankton_zhang_2020_p1.0.xlsx,Category 1: (a) Weighted mean of all methods with Category 1 estimates.,Phytoplankton,100.05,4,4,199.79,717.29,155.33,,"Zhang, Y.G., Henderiks, J. and Liu, X. (2020) Refining the alkenone-pCO2 method II: Towards resolving the physiological parameter ‘b’. Geochimica et Cosmochimica Acta 281, 118-134.",Zhang 2020,FALSE,1,Category 1: (a) Weighted mean of all methods with Category 1 estimates.,FALSE,TRUE,Recalculation of all alkenone CO2 results using uniform calculation methods and comprehensive treatment of uncertainties.,TRUE,FALSE,FALSE,FALSE,,,
phytoplankton_zhang_2020_p1.0.xlsx,Category 1: (a) Weighted mean of all methods with Category 1 estimates.,Phytoplankton,100.46,4,4,202.99,691.73,158.41,,"Zhang, Y.G., Henderiks, J. and Liu, X. (2020) Refining the alkenone-pCO2 method II: Towards resolving the physiological parameter ‘b’. Geochimica et Cosmochimica Acta 281, 118-134.",Zhang 2020,FALSE,1,Category 1: (a) Weighted mean of all methods with Category 1 estimates.,FALSE,TRUE,Recalculation of all alkenone CO2 results using uniform calculation methods and comprehensive treatment of uncertainties.,TRUE,FALSE,FALSE,FALSE,,,
phytoplankton_zhang_2020_p1.0.xlsx,Category 1: (a) Weighted mean of all methods with Category 1 estimates.,Phytoplankton,124.78,4,4,202.04,735.26,156.47,,"Zhang, Y.G., Henderiks, J. and Liu, X. (2020) Refining the alkenone-pCO2 method II: Towards resolving the physiological parameter ‘b’. Geochimica et Cosmochimica Acta 281, 118-134.",Zhang 2020,FALSE,1,Category 1: (a) Weighted mean of all methods with Category 1 estimates.,FALSE,TRUE,Recalculation of all alkenone CO2 results using uniform calculation methods and comprehensive treatment of uncertainties.,TRUE,FALSE,FALSE,FALSE,,,
phytoplankton_zhang_2020_p1.0.xlsx,Category 1: (a) Weighted mean of all methods with Category 1 estimates.,Phytoplankton,137.51,4,4,187.94,658.33,143.43,,"Zhang, Y.G., Henderiks, J. and Liu, X. (2020) Refining the alkenone-pCO2 method II: Towards resolving the physiological parameter ‘b’. Geochimica et Cosmochimica Acta 281, 118-134.",Zhang 2020,FALSE,1,Category 1: (a) Weighted mean of all methods with Category 1 estimates.,FALSE,TRUE,Recalculation of all alkenone CO2 results using uniform calculation methods and comprehensive treatment of uncertainties.,TRUE,FALSE,FALSE,FALSE,,,
phytoplankton_zhang_2020_p1.0.xlsx,Category 1: (a) Weighted mean of all methods with Category 1 estimates.,Phytoplankton,157.31,4,4,161.77,525.82,124.29,,"Zhang, Y.G., Henderiks, J. and Liu, X. (2020) Refining the alkenone-pCO2 method II: Towards resolving the physiological parameter ‘b’. Geochimica et Cosmochimica Acta 281, 118-134.",Zhang 2020,FALSE,1,Category 1: (a) Weighted mean of all methods with Category 1 estimates.,FALSE,TRUE,Recalculation of all alkenone CO2 results using uniform calculation methods and comprehensive treatment of uncertainties.,TRUE,FALSE,FALSE,FALSE,,,
phytoplankton_zhang_2020_p1.0.xlsx,Category 1: (a) Weighted mean of all methods with Category 1 estimates.,Phytoplankton,159.95,4,4,174.39,595.27,133.57,,"Zhang, Y.G., Henderiks, J. and Liu, X. (2020) Refining the alkenone-pCO2 method II: Towards resolving the physiological parameter ‘b’. Geochimica et Cosmochimica Acta 281, 118-134.",Zhang 2020,FALSE,1,Category 1: (a) Weighted mean of all methods with Category 1 estimates.,FALSE,TRUE,Recalculation of all alkenone CO2 results using uniform calculation methods and comprehensive treatment of uncertainties.,TRUE,FALSE,FALSE,FALSE,,,
phytoplankton_zhang_2020_p1.0.xlsx,Category 1: (a) Weighted mean of all methods with Category 1 estimates.,Phytoplankton,182.39,4,4,193.54,688.74,148.29,,"Zhang, Y.G., Henderiks, J. and Liu, X. (2020) Refining the alkenone-pCO2 method II: Towards resolving the physiological parameter ‘b’. Geochimica et Cosmochimica Acta 281, 118-134.",Zhang 2020,FALSE,1,Category 1: (a) Weighted mean of all methods with Category 1 estimates.,FALSE,TRUE,Recalculation of all alkenone CO2 results using uniform calculation methods and comprehensive treatment of uncertainties.,TRUE,FALSE,FALSE,FALSE,,,
phytoplankton_zhang_2020_p1.0.xlsx,Category 1: (a) Weighted mean of all methods with Category 1 estimates.,Phytoplankton,183.71,4,4,202.06,700.36,156.71,,"Zhang, Y.G., Henderiks, J. and Liu, X. (2020) Refining the alkenone-pCO2 method II: Towards resolving the physiological parameter ‘b’. Geochimica et Cosmochimica Acta 281, 118-134.",Zhang 2020,FALSE,1,Category 1: (a) Weighted mean of all methods with Category 1 estimates.,FALSE,TRUE,Recalculation of all alkenone CO2 results using uniform calculation methods and comprehensive treatment of uncertainties.,TRUE,FALSE,FALSE,FALSE,,,
phytoplankton_zhang_2020_p1.0.xlsx,Category 1: (a) Weighted mean of all methods with Category 1 estimates.,Phytoplankton,216.71,4,4,217.89,779.12,168.44,,"Zhang, Y.G., Henderiks, J. and Liu, X. (2020) Refining the alkenone-pCO2 method II: Towards resolving the physiological parameter ‘b’. Geochimica et Cosmochimica Acta 281, 118-134.",Zhang 2020,FALSE,1,Category 1: (a) Weighted mean of all methods with Category 1 estimates.,FALSE,TRUE,Recalculation of all alkenone CO2 results using uniform calculation methods and comprehensive treatment of uncertainties.,TRUE,FALSE,FALSE,FALSE,,,
phytoplankton_zhang_2020_p1.0.xlsx,Category 1: (a) Weighted mean of all methods with Category 1 estimates.,Phytoplankton,218.03,4,4,207.19,778.66,161.6,,"Zhang, Y.G., Henderiks, J. and Liu, X. (2020) Refining the alkenone-pCO2 method II: Towards resolving the physiological parameter ‘b’. Geochimica et Cosmochimica Acta 281, 118-134.",Zhang 2020,FALSE,1,Category 1: (a) Weighted mean of all methods with Category 1 estimates.,FALSE,TRUE,Recalculation of all alkenone CO2 results using uniform calculation methods and comprehensive treatment of uncertainties.,TRUE,FALSE,FALSE,FALSE,,,
phytoplankton_zhang_2020_p1.0.xlsx,Category 1: (a) Weighted mean of all methods with Category 1 estimates.,Phytoplankton,241,4,4,188.38,677.72,144.7,,"Zhang, Y.G., Henderiks, J. and Liu, X. (2020) Refining the alkenone-pCO2 method II: Towards resolving the physiological parameter ‘b’. Geochimica et Cosmochimica Acta 281, 118-134.",Zhang 2020,FALSE,1,Category 1: (a) Weighted mean of all methods with Category 1 estimates.,FALSE,TRUE,Recalculation of all alkenone CO2 results using uniform calculation methods and comprehensive treatment of uncertainties.,TRUE,FALSE,FALSE,FALSE,,,
phytoplankton_zhang_2020_p1.0.xlsx,Category 1: (a) Weighted mean of all methods with Category 1 estimates.,Phytoplankton,243.89,4,4,196.13,694.26,151.84,,"Zhang, Y.G., Henderiks, J. and Liu, X. (2020) Refining the alkenone-pCO2 method II: Towards resolving the physiological parameter ‘b’. Geochimica et Cosmochimica Acta 281, 118-134.",Zhang 2020,FALSE,1,Category 1: (a) Weighted mean of all methods with Category 1 estimates.,FALSE,TRUE,Recalculation of all alkenone CO2 results using uniform calculation methods and comprehensive treatment of uncertainties.,TRUE,FALSE,FALSE,FALSE,,,
phytoplankton_zhang_2020_p1.0.xlsx,Category 1: (a) Weighted mean of all methods with Category 1 estimates.,Phytoplankton,253.21,4,4,184.71,635.28,141.03,,"Zhang, Y.G., Henderiks, J. and Liu, X. (2020) Refining the alkenone-pCO2 method II: Towards resolving the physiological parameter ‘b’. Geochimica et Cosmochimica Acta 281, 118-134.",Zhang 2020,FALSE,1,Category 1: (a) Weighted mean of all methods with Category 1 estimates.,FALSE,TRUE,Recalculation of all alkenone CO2 results using uniform calculation methods and comprehensive treatment of uncertainties.,TRUE,FALSE,FALSE,FALSE,,,
phytoplankton_zhang_2020_p1.0.xlsx,Category 1: (a) Weighted mean of all methods with Category 1 estimates.,Phytoplankton,254.53,4,4,183.76,635.06,141.08,,"Zhang, Y.G., Henderiks, J. and Liu, X. (2020) Refining the alkenone-pCO2 method II: Towards resolving the physiological parameter ‘b’. Geochimica et Cosmochimica Acta 281, 118-134.",Zhang 2020,FALSE,1,Category 1: (a) Weighted mean of all methods with Category 1 estimates.,FALSE,TRUE,Recalculation of all alkenone CO2 results using uniform calculation methods and comprehensive treatment of uncertainties.,TRUE,FALSE,FALSE,FALSE,,,
phytoplankton_zhang_2020_p1.0.xlsx,Category 1: (a) Weighted mean of all methods with Category 1 estimates.,Phytoplankton,269.02,4,4,182.23,634.2,140.59,,"Zhang, Y.G., Henderiks, J. and Liu, X. (2020) Refining the alkenone-pCO2 method II: Towards resolving the physiological parameter ‘b’. Geochimica et Cosmochimica Acta 281, 118-134.",Zhang 2020,FALSE,1,Category 1: (a) Weighted mean of all methods with Category 1 estimates.,FALSE,TRUE,Recalculation of all alkenone CO2 results using uniform calculation methods and comprehensive treatment of uncertainties.,TRUE,FALSE,FALSE,FALSE,,,
phytoplankton_zhang_2020_p1.0.xlsx,Category 1: (a) Weighted mean of all methods with Category 1 estimates.,Phytoplankton,292.74,4,4,183.67,632.3,142.47,,"Zhang, Y.G., Henderiks, J. and Liu, X. (2020) Refining the alkenone-pCO2 method II: Towards resolving the physiological parameter ‘b’. Geochimica et Cosmochimica Acta 281, 118-134.",Zhang 2020,FALSE,1,Category 1: (a) Weighted mean of all methods with Category 1 estimates.,FALSE,TRUE,Recalculation of all alkenone CO2 results using uniform calculation methods and comprehensive treatment of uncertainties.,TRUE,FALSE,FALSE,FALSE,,,
phytoplankton_zhang_2020_p1.0.xlsx,Category 1: (a) Weighted mean of all methods with Category 1 estimates.,Phytoplankton,308.56,4,4,214.58,732.28,165.38,,"Zhang, Y.G., Henderiks, J. and Liu, X. (2020) Refining the alkenone-pCO2 method II: Towards resolving the physiological parameter ‘b’. Geochimica et Cosmochimica Acta 281, 118-134.",Zhang 2020,FALSE,1,Category 1: (a) Weighted mean of all methods with Category 1 estimates.,FALSE,TRUE,Recalculation of all alkenone CO2 results using uniform calculation methods and comprehensive treatment of uncertainties.,TRUE,FALSE,FALSE,FALSE,,,
phytoplankton_zhang_2020_p1.0.xlsx,Category 1: (a) Weighted mean of all methods with Category 1 estimates.,Phytoplankton,343.31,4,4,191.26,618.08,146.72,,"Zhang, Y.G., Henderiks, J. and Liu, X. (2020) Refining the alkenone-pCO2 method II: Towards resolving the physiological parameter ‘b’. Geochimica et Cosmochimica Acta 281, 118-134.",Zhang 2020,FALSE,1,Category 1: (a) Weighted mean of all methods with Category 1 estimates.,FALSE,TRUE,Recalculation of all alkenone CO2 results using uniform calculation methods and comprehensive treatment of uncertainties.,TRUE,FALSE,FALSE,FALSE,,,
phytoplankton_zhang_2020_p1.0.xlsx,Category 1: (a) Weighted mean of all methods with Category 1 estimates.,Phytoplankton,29.99,4,4,187.05,625.5,143.27,,"Zhang, Y.G., Henderiks, J. and Liu, X. (2020) Refining the alkenone-pCO2 method II: Towards resolving the physiological parameter ‘b’. Geochimica et Cosmochimica Acta 281, 118-134.",Zhang 2020,FALSE,1,Category 1: (a) Weighted mean of all methods with Category 1 estimates.,FALSE,TRUE,Recalculation of all alkenone CO2 results using uniform calculation methods and comprehensive treatment of uncertainties.,TRUE,FALSE,FALSE,FALSE,,,
phytoplankton_zhang_2020_p1.0.xlsx,Category 1: (a) Weighted mean of all methods with Category 1 estimates.,Phytoplankton,39.55,4,4,228.83,268.2,88.93,,"Zhang, Y.G., Henderiks, J. and Liu, X. (2020) Refining the alkenone-pCO2 method II: Towards resolving the physiological parameter ‘b’. Geochimica et Cosmochimica Acta 281, 118-134.",Zhang 2020,FALSE,1,Category 1: (a) Weighted mean of all methods with Category 1 estimates.,FALSE,TRUE,Recalculation of all alkenone CO2 results using uniform calculation methods and comprehensive treatment of uncertainties.,TRUE,FALSE,FALSE,FALSE,,,
phytoplankton_zhang_2020_p1.0.xlsx,Category 1: (a) Weighted mean of all methods with Category 1 estimates.,Phytoplankton,49.1,4,4,196.94,202.32,71.1,,"Zhang, Y.G., Henderiks, J. and Liu, X. (2020) Refining the alkenone-pCO2 method II: Towards resolving the physiological parameter ‘b’. Geochimica et Cosmochimica Acta 281, 118-134.",Zhang 2020,FALSE,1,Category 1: (a) Weighted mean of all methods with Category 1 estimates.,FALSE,TRUE,Recalculation of all alkenone CO2 results using uniform calculation methods and comprehensive treatment of uncertainties.,TRUE,FALSE,FALSE,FALSE,,,
phytoplankton_zhang_2020_p1.0.xlsx,Category 1: (a) Weighted mean of all methods with Category 1 estimates.,Phytoplankton,61.48,4,4,202.95,213.36,76.21,,"Zhang, Y.G., Henderiks, J. and Liu, X. (2020) Refining the alkenone-pCO2 method II: Towards resolving the physiological parameter ‘b’. Geochimica et Cosmochimica Acta 281, 118-134.",Zhang 2020,FALSE,1,Category 1: (a) Weighted mean of all methods with Category 1 estimates.,FALSE,TRUE,Recalculation of all alkenone CO2 results using uniform calculation methods and comprehensive treatment of uncertainties.,TRUE,FALSE,FALSE,FALSE,,,
phytoplankton_zhang_2020_p1.0.xlsx,Category 1: (a) Weighted mean of all methods with Category 1 estimates.,Phytoplankton,74.69,4,4,272.53,354.32,110.8,,"Zhang, Y.G., Henderiks, J. and Liu, X. (2020) Refining the alkenone-pCO2 method II: Towards resolving the physiological parameter ‘b’. Geochimica et Cosmochimica Acta 281, 118-134.",Zhang 2020,FALSE,1,Category 1: (a) Weighted mean of all methods with Category 1 estimates.,FALSE,TRUE,Recalculation of all alkenone CO2 results using uniform calculation methods and comprehensive treatment of uncertainties.,TRUE,FALSE,FALSE,FALSE,,,
phytoplankton_zhang_2020_p1.0.xlsx,Category 1: (a) Weighted mean of all methods with Category 1 estimates.,Phytoplankton,89.39,4,4,263.35,336,106.06,,"Zhang, Y.G., Henderiks, J. and Liu, X. (2020) Refining the alkenone-pCO2 method II: Towards resolving the physiological parameter ‘b’. Geochimica et Cosmochimica Acta 281, 118-134.",Zhang 2020,FALSE,1,Category 1: (a) Weighted mean of all methods with Category 1 estimates.,FALSE,TRUE,Recalculation of all alkenone CO2 results using uniform calculation methods and comprehensive treatment of uncertainties.,TRUE,FALSE,FALSE,FALSE,,,
phytoplankton_zhang_2020_p1.0.xlsx,Category 1: (a) Weighted mean of all methods with Category 1 estimates.,Phytoplankton,101.37,4,4,255.72,304.03,101.08,,"Zhang, Y.G., Henderiks, J. and Liu, X. (2020) Refining the alkenone-pCO2 method II: Towards resolving the physiological parameter ‘b’. Geochimica et Cosmochimica Acta 281, 118-134.",Zhang 2020,FALSE,1,Category 1: (a) Weighted mean of all methods with Category 1 estimates.,FALSE,TRUE,Recalculation of all alkenone CO2 results using uniform calculation methods and comprehensive treatment of uncertainties.,TRUE,FALSE,FALSE,FALSE,,,
phytoplankton_zhang_2020_p1.0.xlsx,Category 1: (a) Weighted mean of all methods with Category 1 estimates.,Phytoplankton,143.27,4,4,207.09,217.57,75.02,,"Zhang, Y.G., Henderiks, J. and Liu, X. (2020) Refining the alkenone-pCO2 method II: Towards resolving the physiological parameter ‘b’. Geochimica et Cosmochimica Acta 281, 118-134.",Zhang 2020,FALSE,1,Category 1: (a) Weighted mean of all methods with Category 1 estimates.,FALSE,TRUE,Recalculation of all alkenone CO2 results using uniform calculation methods and comprehensive treatment of uncertainties.,TRUE,FALSE,FALSE,FALSE,,,
paleosol_da_2019_p1.0.xlsx,NA,Paleosols,866.03,2,4.73,275.51,261.56,168.22,,"Da, J., Zhang, Y. G., Li, G., Meng, X., & Ji, J. (2019). Low CO 2 levels of the entire Pleistocene epoch. Nature communications, 10(1), 1-9.",10.1038/s41467-019-12357-5,TRUE,1,all known sources of error have been quantified and/or sensitivity of the CO2 estimate to those sources is small,FALSE,FALSE,,FALSE,FALSE,FALSE,TRUE,add age error bars,35.76,109.42
paleosol_da_2019_p1.0.xlsx,NA,Paleosols,936.38,2,9.38,303.02,228.26,161.76,,"Da, J., Zhang, Y. G., Li, G., Meng, X., & Ji, J. (2019). Low CO 2 levels of the entire Pleistocene epoch. Nature communications, 10(1), 1-9.",10.1038/s41467-019-12357-5,TRUE,1,all known sources of error have been quantified and/or sensitivity of the CO2 estimate to those sources is small,FALSE,FALSE,,FALSE,FALSE,FALSE,TRUE,add age error bars,35.76,109.42
paleosol_da_2019_p1.0.xlsx,NA,Paleosols,940.4,2,10.4,216.85,193.89,138.66,,"Da, J., Zhang, Y. G., Li, G., Meng, X., & Ji, J. (2019). Low CO 2 levels of the entire Pleistocene epoch. Nature communications, 10(1), 1-9.",10.1038/s41467-019-12357-5,TRUE,1,all known sources of error have been quantified and/or sensitivity of the CO2 estimate to those sources is small,FALSE,FALSE,,FALSE,FALSE,FALSE,TRUE,add age error bars,35.76,109.42
paleosol_da_2019_p1.0.xlsx,NA,Paleosols,954.71,2,12.71,271.3,215.29,150.22,,"Da, J., Zhang, Y. G., Li, G., Meng, X., & Ji, J. (2019). Low CO 2 levels of the entire Pleistocene epoch. Nature communications, 10(1), 1-9.",10.1038/s41467-019-12357-5,TRUE,1,all known sources of error have been quantified and/or sensitivity of the CO2 estimate to those sources is small,FALSE,FALSE,,FALSE,FALSE,FALSE,TRUE,add age error bars,35.76,109.42
paleosol_da_2019_p1.0.xlsx,NA,Paleosols,956.73,2,11.73,257.24,214.46,150.9,,"Da, J., Zhang, Y. G., Li, G., Meng, X., & Ji, J. (2019). Low CO 2 levels of the entire Pleistocene epoch. Nature communications, 10(1), 1-9.",10.1038/s41467-019-12357-5,TRUE,1,all known sources of error have been quantified and/or sensitivity of the CO2 estimate to those sources is small,FALSE,FALSE,,FALSE,FALSE,FALSE,TRUE,add age error bars,35.76,109.42
paleosol_da_2019_p1.0.xlsx,NA,Paleosols,1016.07,2,11.07,301.68,265.55,169.08,,"Da, J., Zhang, Y. G., Li, G., Meng, X., & Ji, J. (2019). Low CO 2 levels of the entire Pleistocene epoch. Nature communications, 10(1), 1-9.",10.1038/s41467-019-12357-5,TRUE,1,all known sources of error have been quantified and/or sensitivity of the CO2 estimate to those sources is small,FALSE,FALSE,,FALSE,FALSE,FALSE,TRUE,add age error bars,35.76,109.42
paleosol_da_2019_p1.0.xlsx,NA,Paleosols,1018.69,2,10.69,225.04,228.26,153.88,,"Da, J., Zhang, Y. G., Li, G., Meng, X., & Ji, J. (2019). Low CO 2 levels of the entire Pleistocene epoch. Nature communications, 10(1), 1-9.",10.1038/s41467-019-12357-5,TRUE,1,all known sources of error have been quantified and/or sensitivity of the CO2 estimate to those sources is small,FALSE,FALSE,,FALSE,FALSE,FALSE,TRUE,add age error bars,35.76,109.42
paleosol_da_2019_p1.0.xlsx,NA,Paleosols,1023.93,2,9.93,275.91,238.77,165.34,,"Da, J., Zhang, Y. G., Li, G., Meng, X., & Ji, J. (2019). Low CO 2 levels of the entire Pleistocene epoch. Nature communications, 10(1), 1-9.",10.1038/s41467-019-12357-5,TRUE,1,all known sources of error have been quantified and/or sensitivity of the CO2 estimate to those sources is small,FALSE,FALSE,,FALSE,FALSE,FALSE,TRUE,add age error bars,35.76,109.42
paleosol_da_2019_p1.0.xlsx,NA,Paleosols,1027.87,2,11.87,316.92,268.95,174.72,,"Da, J., Zhang, Y. G., Li, G., Meng, X., & Ji, J. (2019). Low CO 2 levels of the entire Pleistocene epoch. Nature communications, 10(1), 1-9.",10.1038/s41467-019-12357-5,TRUE,1,all known sources of error have been quantified and/or sensitivity of the CO2 estimate to those sources is small,FALSE,FALSE,,FALSE,FALSE,FALSE,TRUE,add age error bars,35.76,109.42
paleosol_da_2019_p1.0.xlsx,NA,Paleosols,1029.4,2,10.4,273.66,265.25,161.58,,"Da, J., Zhang, Y. G., Li, G., Meng, X., & Ji, J. (2019). Low CO 2 levels of the entire Pleistocene epoch. Nature communications, 10(1), 1-9.",10.1038/s41467-019-12357-5,TRUE,1,all known sources of error have been quantified and/or sensitivity of the CO2 estimate to those sources is small,FALSE,FALSE,,FALSE,FALSE,FALSE,TRUE,add age error bars,35.76,109.42
paleosol_da_2019_p1.0.xlsx,NA,Paleosols,1059.05,2,11.05,315.04,218.78,155.75,,"Da, J., Zhang, Y. G., Li, G., Meng, X., & Ji, J. (2019). Low CO 2 levels of the entire Pleistocene epoch. Nature communications, 10(1), 1-9.",10.1038/s41467-019-12357-5,TRUE,1,all known sources of error have been quantified and/or sensitivity of the CO2 estimate to those sources is small,FALSE,FALSE,,FALSE,FALSE,FALSE,TRUE,add age error bars,35.76,109.42
paleosol_da_2019_p1.0.xlsx,NA,Paleosols,1067.45,2,11.45,245.49,160.43,124.02,,"Da, J., Zhang, Y. G., Li, G., Meng, X., & Ji, J. (2019). Low CO 2 levels of the entire Pleistocene epoch. Nature communications, 10(1), 1-9.",10.1038/s41467-019-12357-5,TRUE,1,all known sources of error have been quantified and/or sensitivity of the CO2 estimate to those sources is small,FALSE,FALSE,,FALSE,FALSE,FALSE,TRUE,add age error bars,35.76,109.42
paleosol_da_2019_p1.0.xlsx,NA,Paleosols,1071.65,2,12.65,242.54,164.27,120.89,,"Da, J., Zhang, Y. G., Li, G., Meng, X., & Ji, J. (2019). Low CO 2 levels of the entire Pleistocene epoch. Nature communications, 10(1), 1-9.",10.1038/s41467-019-12357-5,TRUE,1,all known sources of error have been quantified and/or sensitivity of the CO2 estimate to those sources is small,FALSE,FALSE,,FALSE,FALSE,FALSE,TRUE,add age error bars,35.76,109.42
paleosol_da_2019_p1.0.xlsx,NA,Paleosols,1168.07,2,19.07,211.68,269.05,157.89,,"Da, J., Zhang, Y. G., Li, G., Meng, X., & Ji, J. (2019). Low CO 2 levels of the entire Pleistocene epoch. Nature communications, 10(1), 1-9.",10.1038/s41467-019-12357-5,TRUE,1,all known sources of error have been quantified and/or sensitivity of the CO2 estimate to those sources is small,FALSE,FALSE,,FALSE,FALSE,FALSE,TRUE,add age error bars,35.76,109.42
paleosol_da_2019_p1.0.xlsx,NA,Paleosols,1175.56,2,21.56,236.17,306.94,183.38,,"Da, J., Zhang, Y. G., Li, G., Meng, X., & Ji, J. (2019). Low CO 2 levels of the entire Pleistocene epoch. Nature communications, 10(1), 1-9.",10.1038/s41467-019-12357-5,TRUE,1,all known sources of error have been quantified and/or sensitivity of the CO2 estimate to those sources is small,FALSE,FALSE,,FALSE,FALSE,FALSE,TRUE,add age error bars,35.76,109.42
paleosol_da_2019_p1.0.xlsx,NA,Paleosols,1194.18,2,18.18,333.81,429.51,232.16,,"Da, J., Zhang, Y. G., Li, G., Meng, X., & Ji, J. (2019). Low CO 2 levels of the entire Pleistocene epoch. Nature communications, 10(1), 1-9.",10.1038/s41467-019-12357-5,TRUE,1,all known sources of error have been quantified and/or sensitivity of the CO2 estimate to those sources is small,FALSE,FALSE,,FALSE,FALSE,FALSE,TRUE,add age error bars,35.76,109.42
paleosol_da_2019_p1.0.xlsx,NA,Paleosols,1276.1,2,4.1,233.82,149.97,119.94,,"Da, J., Zhang, Y. G., Li, G., Meng, X., & Ji, J. (2019). Low CO 2 levels of the entire Pleistocene epoch. Nature communications, 10(1), 1-9.",10.1038/s41467-019-12357-5,TRUE,1,all known sources of error have been quantified and/or sensitivity of the CO2 estimate to those sources is small,FALSE,FALSE,,FALSE,FALSE,FALSE,TRUE,add age error bars,35.76,109.42
paleosol_da_2019_p1.0.xlsx,NA,Paleosols,1276.78,2,3.78,213.33,143.93,114.14,,"Da, J., Zhang, Y. G., Li, G., Meng, X., & Ji, J. (2019). Low CO 2 levels of the entire Pleistocene epoch. Nature communications, 10(1), 1-9.",10.1038/s41467-019-12357-5,TRUE,1,all known sources of error have been quantified and/or sensitivity of the CO2 estimate to those sources is small,FALSE,FALSE,,FALSE,FALSE,FALSE,TRUE,add age error bars,35.76,109.42
paleosol_da_2019_p1.0.xlsx,NA,Paleosols,1278.13,2,4.13,214.34,146.19,114.71,,"Da, J., Zhang, Y. G., Li, G., Meng, X., & Ji, J. (2019). Low CO 2 levels of the entire Pleistocene epoch. Nature communications, 10(1), 1-9.",10.1038/s41467-019-12357-5,TRUE,1,all known sources of error have been quantified and/or sensitivity of the CO2 estimate to those sources is small,FALSE,FALSE,,FALSE,FALSE,FALSE,TRUE,add age error bars,35.76,109.42
paleosol_da_2019_p1.0.xlsx,NA,Paleosols,1281.43,2,6.43,199.78,151.78,112.66,,"Da, J., Zhang, Y. G., Li, G., Meng, X., & Ji, J. (2019). Low CO 2 levels of the entire Pleistocene epoch. Nature communications, 10(1), 1-9.",10.1038/s41467-019-12357-5,TRUE,1,all known sources of error have been quantified and/or sensitivity of the CO2 estimate to those sources is small,FALSE,FALSE,,FALSE,FALSE,FALSE,TRUE,add age error bars,35.76,109.42
paleosol_da_2019_p1.0.xlsx,NA,Paleosols,1282.78,2,5.78,221.26,156.81,121.21,,"Da, J., Zhang, Y. G., Li, G., Meng, X., & Ji, J. (2019). Low CO 2 levels of the entire Pleistocene epoch. Nature communications, 10(1), 1-9.",10.1038/s41467-019-12357-5,TRUE,1,all known sources of error have been quantified and/or sensitivity of the CO2 estimate to those sources is small,FALSE,FALSE,,FALSE,FALSE,FALSE,TRUE,add age error bars,35.76,109.42
paleosol_da_2019_p1.0.xlsx,NA,Paleosols,1329.3,2,7.3,196.03,192.44,130.54,,"Da, J., Zhang, Y. G., Li, G., Meng, X., & Ji, J. (2019). Low CO 2 levels of the entire Pleistocene epoch. Nature communications, 10(1), 1-9.",10.1038/s41467-019-12357-5,TRUE,1,all known sources of error have been quantified and/or sensitivity of the CO2 estimate to those sources is small,FALSE,FALSE,,FALSE,FALSE,FALSE,TRUE,add age error bars,35.76,109.42
paleosol_da_2019_p1.0.xlsx,NA,Paleosols,1330.59,2,7.59,268.74,218.77,159.43,,"Da, J., Zhang, Y. G., Li, G., Meng, X., & Ji, J. (2019). Low CO 2 levels of the entire Pleistocene epoch. Nature communications, 10(1), 1-9.",10.1038/s41467-019-12357-5,TRUE,1,all known sources of error have been quantified and/or sensitivity of the CO2 estimate to those sources is small,FALSE,FALSE,,FALSE,FALSE,FALSE,TRUE,add age error bars,35.76,109.42
paleosol_da_2019_p1.0.xlsx,NA,Paleosols,1334.46,2,7.46,201.32,206.56,138.1,,"Da, J., Zhang, Y. G., Li, G., Meng, X., & Ji, J. (2019). Low CO 2 levels of the entire Pleistocene epoch. Nature communications, 10(1), 1-9.",10.1038/s41467-019-12357-5,TRUE,1,all known sources of error have been quantified and/or sensitivity of the CO2 estimate to those sources is small,FALSE,FALSE,,FALSE,FALSE,FALSE,TRUE,add age error bars,35.76,109.42
paleosol_da_2019_p1.0.xlsx,NA,Paleosols,1335.75,2,7.75,249.13,225.56,152.91,,"Da, J., Zhang, Y. G., Li, G., Meng, X., & Ji, J. (2019). Low CO 2 levels of the entire Pleistocene epoch. Nature communications, 10(1), 1-9.",10.1038/s41467-019-12357-5,TRUE,1,all known sources of error have been quantified and/or sensitivity of the CO2 estimate to those sources is small,FALSE,FALSE,,FALSE,FALSE,FALSE,TRUE,add age error bars,35.76,109.42
paleosol_da_2019_p1.0.xlsx,NA,Paleosols,1337.03,2,8.03,169.24,189.27,124.98,,"Da, J., Zhang, Y. G., Li, G., Meng, X., & Ji, J. (2019). Low CO 2 levels of the entire Pleistocene epoch. Nature communications, 10(1), 1-9.",10.1038/s41467-019-12357-5,TRUE,1,all known sources of error have been quantified and/or sensitivity of the CO2 estimate to those sources is small,FALSE,FALSE,,FALSE,FALSE,FALSE,TRUE,add age error bars,35.76,109.42
paleosol_da_2019_p1.0.xlsx,NA,Paleosols,1386.35,2,10.35,214.23,142.49,110.6,,"Da, J., Zhang, Y. G., Li, G., Meng, X., & Ji, J. (2019). Low CO 2 levels of the entire Pleistocene epoch. Nature communications, 10(1), 1-9.",10.1038/s41467-019-12357-5,TRUE,1,all known sources of error have been quantified and/or sensitivity of the CO2 estimate to those sources is small,FALSE,FALSE,,FALSE,FALSE,FALSE,TRUE,add age error bars,35.76,109.42
paleosol_da_2019_p1.0.xlsx,NA,Paleosols,1389.43,2,12.43,196.94,140.6,106.44,,"Da, J., Zhang, Y. G., Li, G., Meng, X., & Ji, J. (2019). Low CO 2 levels of the entire Pleistocene epoch. Nature communications, 10(1), 1-9.",10.1038/s41467-019-12357-5,TRUE,1,all known sources of error have been quantified and/or sensitivity of the CO2 estimate to those sources is small,FALSE,FALSE,,FALSE,FALSE,FALSE,TRUE,add age error bars,35.76,109.42
paleosol_da_2019_p1.0.xlsx,NA,Paleosols,1396.35,2,12.35,190.64,140.21,104.52,,"Da, J., Zhang, Y. G., Li, G., Meng, X., & Ji, J. (2019). Low CO 2 levels of the entire Pleistocene epoch. Nature communications, 10(1), 1-9.",10.1038/s41467-019-12357-5,TRUE,1,all known sources of error have been quantified and/or sensitivity of the CO2 estimate to those sources is small,FALSE,FALSE,,FALSE,FALSE,FALSE,TRUE,add age error bars,35.76,109.42
paleosol_da_2019_p1.0.xlsx,NA,Paleosols,1398.66,2,12.66,234.71,160.1,119.77,,"Da, J., Zhang, Y. G., Li, G., Meng, X., & Ji, J. (2019). Low CO 2 levels of the entire Pleistocene epoch. Nature communications, 10(1), 1-9.",10.1038/s41467-019-12357-5,TRUE,1,all known sources of error have been quantified and/or sensitivity of the CO2 estimate to those sources is small,FALSE,FALSE,,FALSE,FALSE,FALSE,TRUE,add age error bars,35.76,109.42
paleosol_da_2019_p1.0.xlsx,NA,Paleosols,1420.64,2,13.64,261.45,225.37,147.13,,"Da, J., Zhang, Y. G., Li, G., Meng, X., & Ji, J. (2019). Low CO 2 levels of the entire Pleistocene epoch. Nature communications, 10(1), 1-9.",10.1038/s41467-019-12357-5,TRUE,1,all known sources of error have been quantified and/or sensitivity of the CO2 estimate to those sources is small,FALSE,FALSE,,FALSE,FALSE,FALSE,TRUE,add age error bars,35.76,109.42
paleosol_da_2019_p1.0.xlsx,NA,Paleosols,1423.9,2,14.9,240.54,225,142.13,,"Da, J., Zhang, Y. G., Li, G., Meng, X., & Ji, J. (2019). Low CO 2 levels of the entire Pleistocene epoch. Nature communications, 10(1), 1-9.",10.1038/s41467-019-12357-5,TRUE,1,all known sources of error have been quantified and/or sensitivity of the CO2 estimate to those sources is small,FALSE,FALSE,,FALSE,FALSE,FALSE,TRUE,add age error bars,35.76,109.42
paleosol_da_2019_p1.0.xlsx,NA,Paleosols,1427.16,2,15.16,216.46,190.53,126.4,,"Da, J., Zhang, Y. G., Li, G., Meng, X., & Ji, J. (2019). Low CO 2 levels of the entire Pleistocene epoch. Nature communications, 10(1), 1-9.",10.1038/s41467-019-12357-5,TRUE,1,all known sources of error have been quantified and/or sensitivity of the CO2 estimate to those sources is small,FALSE,FALSE,,FALSE,FALSE,FALSE,TRUE,add age error bars,35.76,109.42
paleosol_da_2019_p1.0.xlsx,NA,Paleosols,1433.68,2,17.68,252.88,217.84,145.78,,"Da, J., Zhang, Y. G., Li, G., Meng, X., & Ji, J. (2019). Low CO 2 levels of the entire Pleistocene epoch. Nature communications, 10(1), 1-9.",10.1038/s41467-019-12357-5,TRUE,1,all known sources of error have been quantified and/or sensitivity of the CO2 estimate to those sources is small,FALSE,FALSE,,FALSE,FALSE,FALSE,TRUE,add age error bars,35.76,109.42
paleosol_da_2019_p1.0.xlsx,NA,Paleosols,1516,2,8,190.96,149.64,117.46,,"Da, J., Zhang, Y. G., Li, G., Meng, X., & Ji, J. (2019). Low CO 2 levels of the entire Pleistocene epoch. Nature communications, 10(1), 1-9.",10.1038/s41467-019-12357-5,TRUE,1,all known sources of error have been quantified and/or sensitivity of the CO2 estimate to those sources is small,FALSE,FALSE,,FALSE,FALSE,FALSE,TRUE,add age error bars,35.76,109.42
paleosol_da_2019_p1.0.xlsx,NA,Paleosols,1519.2,2,8.2,214.55,157.61,122.81,,"Da, J., Zhang, Y. G., Li, G., Meng, X., & Ji, J. (2019). Low CO 2 levels of the entire Pleistocene epoch. Nature communications, 10(1), 1-9.",10.1038/s41467-019-12357-5,TRUE,1,all known sources of error have been quantified and/or sensitivity of the CO2 estimate to those sources is small,FALSE,FALSE,,FALSE,FALSE,FALSE,TRUE,add age error bars,35.76,109.42
paleosol_da_2019_p1.0.xlsx,NA,Paleosols,1520.8,2,7.8,185.79,145.85,110.79,,"Da, J., Zhang, Y. G., Li, G., Meng, X., & Ji, J. (2019). Low CO 2 levels of the entire Pleistocene epoch. Nature communications, 10(1), 1-9.",10.1038/s41467-019-12357-5,TRUE,1,all known sources of error have been quantified and/or sensitivity of the CO2 estimate to those sources is small,FALSE,FALSE,,FALSE,FALSE,FALSE,TRUE,add age error bars,35.76,109.42
paleosol_da_2019_p1.0.xlsx,NA,Paleosols,1606.17,2,18.17,200.67,143.5,114.66,,"Da, J., Zhang, Y. G., Li, G., Meng, X., & Ji, J. (2019). Low CO 2 levels of the entire Pleistocene epoch. Nature communications, 10(1), 1-9.",10.1038/s41467-019-12357-5,TRUE,1,all known sources of error have been quantified and/or sensitivity of the CO2 estimate to those sources is small,FALSE,FALSE,,FALSE,FALSE,FALSE,TRUE,add age error bars,35.76,109.42
paleosol_da_2019_p1.0.xlsx,NA,Paleosols,1647.03,2,19.03,201.12,145.51,117.7,,"Da, J., Zhang, Y. G., Li, G., Meng, X., & Ji, J. (2019). Low CO 2 levels of the entire Pleistocene epoch. Nature communications, 10(1), 1-9.",10.1038/s41467-019-12357-5,TRUE,1,all known sources of error have been quantified and/or sensitivity of the CO2 estimate to those sources is small,FALSE,FALSE,,FALSE,FALSE,FALSE,TRUE,add age error bars,35.76,109.42
paleosol_da_2019_p1.0.xlsx,NA,Paleosols,1650.26,2,11.26,209.81,158.07,118.87,,"Da, J., Zhang, Y. G., Li, G., Meng, X., & Ji, J. (2019). Low CO 2 levels of the entire Pleistocene epoch. Nature communications, 10(1), 1-9.",10.1038/s41467-019-12357-5,TRUE,1,all known sources of error have been quantified and/or sensitivity of the CO2 estimate to those sources is small,FALSE,FALSE,,FALSE,FALSE,FALSE,TRUE,add age error bars,35.76,109.42
paleosol_da_2019_p1.0.xlsx,NA,Paleosols,1650.58,2,0.58,200.36,147.53,114.96,,"Da, J., Zhang, Y. G., Li, G., Meng, X., & Ji, J. (2019). Low CO 2 levels of the entire Pleistocene epoch. Nature communications, 10(1), 1-9.",10.1038/s41467-019-12357-5,TRUE,1,all known sources of error have been quantified and/or sensitivity of the CO2 estimate to those sources is small,FALSE,FALSE,,FALSE,FALSE,FALSE,TRUE,add age error bars,35.76,109.42
paleosol_da_2019_p1.0.xlsx,NA,Paleosols,1716.15,2,12.15,183.83,137.04,103.86,,"Da, J., Zhang, Y. G., Li, G., Meng, X., & Ji, J. (2019). Low CO 2 levels of the entire Pleistocene epoch. Nature communications, 10(1), 1-9.",10.1038/s41467-019-12357-5,TRUE,1,all known sources of error have been quantified and/or sensitivity of the CO2 estimate to those sources is small,FALSE,FALSE,,FALSE,FALSE,FALSE,TRUE,add age error bars,35.76,109.42
paleosol_da_2019_p1.0.xlsx,NA,Paleosols,1718.61,2,10.61,220.2,157.01,118.89,,"Da, J., Zhang, Y. G., Li, G., Meng, X., & Ji, J. (2019). Low CO 2 levels of the entire Pleistocene epoch. Nature communications, 10(1), 1-9.",10.1038/s41467-019-12357-5,TRUE,1,all known sources of error have been quantified and/or sensitivity of the CO2 estimate to those sources is small,FALSE,FALSE,,FALSE,FALSE,FALSE,TRUE,add age error bars,35.76,109.42
paleosol_da_2019_p1.0.xlsx,NA,Paleosols,1721.07,2,12.07,210,154.76,116.31,,"Da, J., Zhang, Y. G., Li, G., Meng, X., & Ji, J. (2019). Low CO 2 levels of the entire Pleistocene epoch. Nature communications, 10(1), 1-9.",10.1038/s41467-019-12357-5,TRUE,1,all known sources of error have been quantified and/or sensitivity of the CO2 estimate to those sources is small,FALSE,FALSE,,FALSE,FALSE,FALSE,TRUE,add age error bars,35.76,109.42
paleosol_da_2019_p1.0.xlsx,NA,Paleosols,1723.52,2,12.52,176.71,142.51,104.67,,"Da, J., Zhang, Y. G., Li, G., Meng, X., & Ji, J. (2019). Low CO 2 levels of the entire Pleistocene epoch. Nature communications, 10(1), 1-9.",10.1038/s41467-019-12357-5,TRUE,1,all known sources of error have been quantified and/or sensitivity of the CO2 estimate to those sources is small,FALSE,FALSE,,FALSE,FALSE,FALSE,TRUE,add age error bars,35.76,109.42
paleosol_da_2019_p1.0.xlsx,NA,Paleosols,1725.98,2,11.98,163.22,129.82,96.22,,"Da, J., Zhang, Y. G., Li, G., Meng, X., & Ji, J. (2019). Low CO 2 levels of the entire Pleistocene epoch. Nature communications, 10(1), 1-9.",10.1038/s41467-019-12357-5,TRUE,1,all known sources of error have been quantified and/or sensitivity of the CO2 estimate to those sources is small,FALSE,FALSE,,FALSE,FALSE,FALSE,TRUE,add age error bars,35.76,109.42
paleosol_da_2019_p1.0.xlsx,NA,Paleosols,1809.1,2,81.1,255.57,211.93,140.75,,"Da, J., Zhang, Y. G., Li, G., Meng, X., & Ji, J. (2019). Low CO 2 levels of the entire Pleistocene epoch. Nature communications, 10(1), 1-9.",10.1038/s41467-019-12357-5,TRUE,1,all known sources of error have been quantified and/or sensitivity of the CO2 estimate to those sources is small,FALSE,FALSE,,FALSE,FALSE,FALSE,TRUE,add age error bars,35.76,109.42
paleosol_da_2019_p1.0.xlsx,NA,Paleosols,1824.15,2,21.15,225.76,193.89,130.15,,"Da, J., Zhang, Y. G., Li, G., Meng, X., & Ji, J. (2019). Low CO 2 levels of the entire Pleistocene epoch. Nature communications, 10(1), 1-9.",10.1038/s41467-019-12357-5,TRUE,1,all known sources of error have been quantified and/or sensitivity of the CO2 estimate to those sources is small,FALSE,FALSE,,FALSE,FALSE,FALSE,TRUE,add age error bars,35.76,109.42
paleosol_da_2019_p1.0.xlsx,NA,Paleosols,1827.91,2,18.91,251.48,210.4,140.52,,"Da, J., Zhang, Y. G., Li, G., Meng, X., & Ji, J. (2019). Low CO 2 levels of the entire Pleistocene epoch. Nature communications, 10(1), 1-9.",10.1038/s41467-019-12357-5,TRUE,1,all known sources of error have been quantified and/or sensitivity of the CO2 estimate to those sources is small,FALSE,FALSE,,FALSE,FALSE,FALSE,TRUE,add age error bars,35.76,109.42
paleosol_da_2019_p1.0.xlsx,NA,Paleosols,1929.58,2,16.58,228.81,143.06,116.22,,"Da, J., Zhang, Y. G., Li, G., Meng, X., & Ji, J. (2019). Low CO 2 levels of the entire Pleistocene epoch. Nature communications, 10(1), 1-9.",10.1038/s41467-019-12357-5,TRUE,1,all known sources of error have been quantified and/or sensitivity of the CO2 estimate to those sources is small,FALSE,FALSE,,FALSE,FALSE,FALSE,TRUE,add age error bars,35.76,109.42
paleosol_da_2019_p1.0.xlsx,NA,Paleosols,1935.4,2,16.4,254.34,160.28,128.33,,"Da, J., Zhang, Y. G., Li, G., Meng, X., & Ji, J. (2019). Low CO 2 levels of the entire Pleistocene epoch. Nature communications, 10(1), 1-9.",10.1038/s41467-019-12357-5,TRUE,1,all known sources of error have been quantified and/or sensitivity of the CO2 estimate to those sources is small,FALSE,FALSE,,FALSE,FALSE,FALSE,TRUE,add age error bars,35.76,109.42
paleosol_da_2019_p1.0.xlsx,NA,Paleosols,1947.05,2,15.05,252.46,148.95,121.38,,"Da, J., Zhang, Y. G., Li, G., Meng, X., & Ji, J. (2019). Low CO 2 levels of the entire Pleistocene epoch. Nature communications, 10(1), 1-9.",10.1038/s41467-019-12357-5,TRUE,1,all known sources of error have been quantified and/or sensitivity of the CO2 estimate to those sources is small,FALSE,FALSE,,FALSE,FALSE,FALSE,TRUE,add age error bars,35.76,109.42
paleosol_da_2019_p1.0.xlsx,NA,Paleosols,1955.78,2,17.78,261.6,150.46,125.12,,"Da, J., Zhang, Y. G., Li, G., Meng, X., & Ji, J. (2019). Low CO 2 levels of the entire Pleistocene epoch. Nature communications, 10(1), 1-9.",10.1038/s41467-019-12357-5,TRUE,1,all known sources of error have been quantified and/or sensitivity of the CO2 estimate to those sources is small,FALSE,FALSE,,FALSE,FALSE,FALSE,TRUE,add age error bars,35.76,109.42
paleosol_da_2019_p1.0.xlsx,NA,Paleosols,1961.61,2,17.61,274.65,161.8,133.68,,"Da, J., Zhang, Y. G., Li, G., Meng, X., & Ji, J. (2019). Low CO 2 levels of the entire Pleistocene epoch. Nature communications, 10(1), 1-9.",10.1038/s41467-019-12357-5,TRUE,1,all known sources of error have been quantified and/or sensitivity of the CO2 estimate to those sources is small,FALSE,FALSE,,FALSE,FALSE,FALSE,TRUE,add age error bars,35.76,109.42
paleosol_da_2019_p1.0.xlsx,NA,Paleosols,2043.5,2,10.5,147.27,189.65,104.27,,"Da, J., Zhang, Y. G., Li, G., Meng, X., & Ji, J. (2019). Low CO 2 levels of the entire Pleistocene epoch. Nature communications, 10(1), 1-9.",10.1038/s41467-019-12357-5,TRUE,1,all known sources of error have been quantified and/or sensitivity of the CO2 estimate to those sources is small,FALSE,FALSE,,FALSE,FALSE,FALSE,TRUE,add age error bars,35.76,109.42
paleosol_da_2019_p1.0.xlsx,NA,Paleosols,2049.86,2,10.86,184.94,222.13,125.96,,"Da, J., Zhang, Y. G., Li, G., Meng, X., & Ji, J. (2019). Low CO 2 levels of the entire Pleistocene epoch. Nature communications, 10(1), 1-9.",10.1038/s41467-019-12357-5,TRUE,1,all known sources of error have been quantified and/or sensitivity of the CO2 estimate to those sources is small,FALSE,FALSE,,FALSE,FALSE,FALSE,TRUE,add age error bars,35.76,109.42
paleosol_da_2019_p1.0.xlsx,NA,Paleosols,2051.98,2,10.98,216.75,245.36,138.29,,"Da, J., Zhang, Y. G., Li, G., Meng, X., & Ji, J. (2019). Low CO 2 levels of the entire Pleistocene epoch. Nature communications, 10(1), 1-9.",10.1038/s41467-019-12357-5,TRUE,1,all known sources of error have been quantified and/or sensitivity of the CO2 estimate to those sources is small,FALSE,FALSE,,FALSE,FALSE,FALSE,TRUE,add age error bars,35.76,109.42
paleosol_da_2019_p1.0.xlsx,NA,Paleosols,2103.56,2,13.56,188.11,166.83,116.27,,"Da, J., Zhang, Y. G., Li, G., Meng, X., & Ji, J. (2019). Low CO 2 levels of the entire Pleistocene epoch. Nature communications, 10(1), 1-9.",10.1038/s41467-019-12357-5,TRUE,1,all known sources of error have been quantified and/or sensitivity of the CO2 estimate to those sources is small,FALSE,FALSE,,FALSE,FALSE,FALSE,TRUE,add age error bars,35.76,109.42
paleosol_da_2019_p1.0.xlsx,NA,Paleosols,2114.44,2,13.44,199.22,177.1,120.06,,"Da, J., Zhang, Y. G., Li, G., Meng, X., & Ji, J. (2019). Low CO 2 levels of the entire Pleistocene epoch. Nature communications, 10(1), 1-9.",10.1038/s41467-019-12357-5,TRUE,1,all known sources of error have been quantified and/or sensitivity of the CO2 estimate to those sources is small,FALSE,FALSE,,FALSE,FALSE,FALSE,TRUE,add age error bars,35.76,109.42
paleosol_da_2019_p1.0.xlsx,NA,Paleosols,2130.78,2,13.78,282.48,251.44,170.45,,"Da, J., Zhang, Y. G., Li, G., Meng, X., & Ji, J. (2019). Low CO 2 levels of the entire Pleistocene epoch. Nature communications, 10(1), 1-9.",10.1038/s41467-019-12357-5,TRUE,1,all known sources of error have been quantified and/or sensitivity of the CO2 estimate to those sources is small,FALSE,FALSE,,FALSE,FALSE,FALSE,TRUE,add age error bars,35.76,109.42
paleosol_da_2019_p1.0.xlsx,NA,Paleosols,2254.66,2,33.66,270.1,274.93,167.14,,"Da, J., Zhang, Y. G., Li, G., Meng, X., & Ji, J. (2019). Low CO 2 levels of the entire Pleistocene epoch. Nature communications, 10(1), 1-9.",10.1038/s41467-019-12357-5,TRUE,1,all known sources of error have been quantified and/or sensitivity of the CO2 estimate to those sources is small,FALSE,FALSE,,FALSE,FALSE,FALSE,TRUE,add age error bars,35.76,109.42
paleosol_da_2019_p1.0.xlsx,NA,Paleosols,2262.88,2,38.88,206.86,217.36,135.59,,"Da, J., Zhang, Y. G., Li, G., Meng, X., & Ji, J. (2019). Low CO 2 levels of the entire Pleistocene epoch. Nature communications, 10(1), 1-9.",10.1038/s41467-019-12357-5,TRUE,1,all known sources of error have been quantified and/or sensitivity of the CO2 estimate to those sources is small,FALSE,FALSE,,FALSE,FALSE,FALSE,TRUE,add age error bars,35.76,109.42
paleosol_da_2019_p1.0.xlsx,NA,Paleosols,2296.68,2,46.68,210.73,214.83,137.29,,"Da, J., Zhang, Y. G., Li, G., Meng, X., & Ji, J. (2019). Low CO 2 levels of the entire Pleistocene epoch. Nature communications, 10(1), 1-9.",10.1038/s41467-019-12357-5,TRUE,1,all known sources of error have been quantified and/or sensitivity of the CO2 estimate to those sources is small,FALSE,FALSE,,FALSE,FALSE,FALSE,TRUE,add age error bars,35.76,109.42
paleosol_da_2019_p1.0.xlsx,NA,Paleosols,2341.74,2,17.74,251.5,195.49,138.63,,"Da, J., Zhang, Y. G., Li, G., Meng, X., & Ji, J. (2019). Low CO 2 levels of the entire Pleistocene epoch. Nature communications, 10(1), 1-9.",10.1038/s41467-019-12357-5,TRUE,1,all known sources of error have been quantified and/or sensitivity of the CO2 estimate to those sources is small,FALSE,FALSE,,FALSE,FALSE,FALSE,TRUE,add age error bars,35.76,109.42
paleosol_da_2019_p1.0.xlsx,NA,Paleosols,2349.66,2,5.66,187.16,153.43,104.94,,"Da, J., Zhang, Y. G., Li, G., Meng, X., & Ji, J. (2019). Low CO 2 levels of the entire Pleistocene epoch. Nature communications, 10(1), 1-9.",10.1038/s41467-019-12357-5,TRUE,1,all known sources of error have been quantified and/or sensitivity of the CO2 estimate to those sources is small,FALSE,FALSE,,FALSE,FALSE,FALSE,TRUE,add age error bars,35.76,109.42
paleosol_da_2019_p1.0.xlsx,NA,Paleosols,2350.65,2,5.65,181.33,137.35,102.08,,"Da, J., Zhang, Y. G., Li, G., Meng, X., & Ji, J. (2019). Low CO 2 levels of the entire Pleistocene epoch. Nature communications, 10(1), 1-9.",10.1038/s41467-019-12357-5,TRUE,1,all known sources of error have been quantified and/or sensitivity of the CO2 estimate to those sources is small,FALSE,FALSE,,FALSE,FALSE,FALSE,TRUE,add age error bars,35.76,109.42
paleosol_da_2019_p1.0.xlsx,NA,Paleosols,2351.64,2,5.64,238.36,172.71,127.06,,"Da, J., Zhang, Y. G., Li, G., Meng, X., & Ji, J. (2019). Low CO 2 levels of the entire Pleistocene epoch. Nature communications, 10(1), 1-9.",10.1038/s41467-019-12357-5,TRUE,1,all known sources of error have been quantified and/or sensitivity of the CO2 estimate to those sources is small,FALSE,FALSE,,FALSE,FALSE,FALSE,TRUE,add age error bars,35.76,109.42
paleosol_da_2019_p1.0.xlsx,NA,Paleosols,2353.62,2,4.62,240.69,174.11,130.58,,"Da, J., Zhang, Y. G., Li, G., Meng, X., & Ji, J. (2019). Low CO 2 levels of the entire Pleistocene epoch. Nature communications, 10(1), 1-9.",10.1038/s41467-019-12357-5,TRUE,1,all known sources of error have been quantified and/or sensitivity of the CO2 estimate to those sources is small,FALSE,FALSE,,FALSE,FALSE,FALSE,TRUE,add age error bars,35.76,109.42
paleosol_da_2019_p1.0.xlsx,NA,Paleosols,2549.91,2,18.91,266.4,429.66,228.9,,"Da, J., Zhang, Y. G., Li, G., Meng, X., & Ji, J. (2019). Low CO 2 levels of the entire Pleistocene epoch. Nature communications, 10(1), 1-9.",10.1038/s41467-019-12357-5,TRUE,1,all known sources of error have been quantified and/or sensitivity of the CO2 estimate to those sources is small,FALSE,FALSE,,FALSE,FALSE,FALSE,TRUE,add age error bars,35.76,109.42
paleosol_da_2019_p1.0.xlsx,NA,Paleosols,2553.32,2,19.32,246.57,413.15,217.81,,"Da, J., Zhang, Y. G., Li, G., Meng, X., & Ji, J. (2019). Low CO 2 levels of the entire Pleistocene epoch. Nature communications, 10(1), 1-9.",10.1038/s41467-019-12357-5,TRUE,1,all known sources of error have been quantified and/or sensitivity of the CO2 estimate to those sources is small,FALSE,FALSE,,FALSE,FALSE,FALSE,TRUE,add age error bars,35.76,109.42
paleosol_da_2019_p1.0.xlsx,NA,Paleosols,2560.14,2,19.14,227.7,371.14,205.67,,"Da, J., Zhang, Y. G., Li, G., Meng, X., & Ji, J. (2019). Low CO 2 levels of the entire Pleistocene epoch. Nature communications, 10(1), 1-9.",10.1038/s41467-019-12357-5,TRUE,1,all known sources of error have been quantified and/or sensitivity of the CO2 estimate to those sources is small,FALSE,FALSE,,FALSE,FALSE,FALSE,TRUE,add age error bars,35.76,109.42
paleosol_da_2019_p1.0.xlsx,NA,Paleosols,2566.96,2,18.96,376.78,649.63,280.1,,"Da, J., Zhang, Y. G., Li, G., Meng, X., & Ji, J. (2019). Low CO 2 levels of the entire Pleistocene epoch. Nature communications, 10(1), 1-9.",10.1038/s41467-019-12357-5,TRUE,1,all known sources of error have been quantified and/or sensitivity of the CO2 estimate to those sources is small,FALSE,FALSE,,FALSE,FALSE,FALSE,TRUE,add age error bars,35.76,109.42
paleosol_da_2019_p1.0.xlsx,NA,Paleosols,2577.18,2,19.18,341.21,648.76,259.35,,"Da, J., Zhang, Y. G., Li, G., Meng, X., & Ji, J. (2019). Low CO 2 levels of the entire Pleistocene epoch. Nature communications, 10(1), 1-9.",10.1038/s41467-019-12357-5,TRUE,1,all known sources of error have been quantified and/or sensitivity of the CO2 estimate to those sources is small,FALSE,FALSE,,FALSE,FALSE,FALSE,TRUE,add age error bars,35.76,109.42
phytoplankton_andersen_1999_p1.0.xlsx,Category 1: (a) Weighted mean of all methods with Category 1 estimates.,Phytoplankton,1.3,4,4,273,234.26,153.89,,"Andersen, N et al. (1999): Alkenone d13C as a Proxy for Past PCO2 in Surface Waters: Results from the Late Quaternary Angola Current. In: Fischer, G & Wefer, G (eds.), Use of Proxies in Paleoceanography - Examples from the South Atlantic, Springer, Berlin, Heidelberg, 469-488",Andersen 1999,FALSE,1,Category 1: (a) Weighted mean of all methods with Category 1 estimates.,FALSE,TRUE,Recalculation of all alkenone CO2 results using uniform calculation methods and comprehensive treatment of uncertainties.,TRUE,FALSE,FALSE,FALSE,,,
phytoplankton_andersen_1999_p1.0.xlsx,Category 1: (a) Weighted mean of all methods with Category 1 estimates.,Phytoplankton,6,4,4,287.81,244.39,163.17,,"Andersen, N et al. (1999): Alkenone d13C as a Proxy for Past PCO2 in Surface Waters: Results from the Late Quaternary Angola Current. In: Fischer, G & Wefer, G (eds.), Use of Proxies in Paleoceanography - Examples from the South Atlantic, Springer, Berlin, Heidelberg, 469-488",Andersen 1999,FALSE,1,Category 1: (a) Weighted mean of all methods with Category 1 estimates.,FALSE,TRUE,Recalculation of all alkenone CO2 results using uniform calculation methods and comprehensive treatment of uncertainties.,TRUE,FALSE,FALSE,FALSE,,,
phytoplankton_andersen_1999_p1.0.xlsx,Category 1: (a) Weighted mean of all methods with Category 1 estimates.,Phytoplankton,8.2,4,4,270.26,231.81,153.88,,"Andersen, N et al. (1999): Alkenone d13C as a Proxy for Past PCO2 in Surface Waters: Results from the Late Quaternary Angola Current. In: Fischer, G & Wefer, G (eds.), Use of Proxies in Paleoceanography - Examples from the South Atlantic, Springer, Berlin, Heidelberg, 469-488",Andersen 1999,FALSE,1,Category 1: (a) Weighted mean of all methods with Category 1 estimates.,FALSE,TRUE,Recalculation of all alkenone CO2 results using uniform calculation methods and comprehensive treatment of uncertainties.,TRUE,FALSE,FALSE,FALSE,,,
phytoplankton_andersen_1999_p1.0.xlsx,Category 1: (a) Weighted mean of all methods with Category 1 estimates.,Phytoplankton,11.2,4,4,252.48,213.65,144.61,,"Andersen, N et al. (1999): Alkenone d13C as a Proxy for Past PCO2 in Surface Waters: Results from the Late Quaternary Angola Current. In: Fischer, G & Wefer, G (eds.), Use of Proxies in Paleoceanography - Examples from the South Atlantic, Springer, Berlin, Heidelberg, 469-488",Andersen 1999,FALSE,1,Category 1: (a) Weighted mean of all methods with Category 1 estimates.,FALSE,TRUE,Recalculation of all alkenone CO2 results using uniform calculation methods and comprehensive treatment of uncertainties.,TRUE,FALSE,FALSE,FALSE,,,
phytoplankton_andersen_1999_p1.0.xlsx,Category 1: (a) Weighted mean of all methods with Category 1 estimates.,Phytoplankton,17.8,4,4,251.68,215.24,142.51,,"Andersen, N et al. (1999): Alkenone d13C as a Proxy for Past PCO2 in Surface Waters: Results from the Late Quaternary Angola Current. In: Fischer, G & Wefer, G (eds.), Use of Proxies in Paleoceanography - Examples from the South Atlantic, Springer, Berlin, Heidelberg, 469-488",Andersen 1999,FALSE,1,Category 1: (a) Weighted mean of all methods with Category 1 estimates.,FALSE,TRUE,Recalculation of all alkenone CO2 results using uniform calculation methods and comprehensive treatment of uncertainties.,TRUE,FALSE,FALSE,FALSE,,,
phytoplankton_andersen_1999_p1.0.xlsx,Category 1: (a) Weighted mean of all methods with Category 1 estimates.,Phytoplankton,19.6,4,4,248.17,213.59,141.25,,"Andersen, N et al. (1999): Alkenone d13C as a Proxy for Past PCO2 in Surface Waters: Results from the Late Quaternary Angola Current. In: Fischer, G & Wefer, G (eds.), Use of Proxies in Paleoceanography - Examples from the South Atlantic, Springer, Berlin, Heidelberg, 469-488",Andersen 1999,FALSE,1,Category 1: (a) Weighted mean of all methods with Category 1 estimates.,FALSE,TRUE,Recalculation of all alkenone CO2 results using uniform calculation methods and comprehensive treatment of uncertainties.,TRUE,FALSE,FALSE,FALSE,,,
phytoplankton_andersen_1999_p1.0.xlsx,Category 1: (a) Weighted mean of all methods with Category 1 estimates.,Phytoplankton,25.5,4,4,267.74,233.06,151.8,,"Andersen, N et al. (1999): Alkenone d13C as a Proxy for Past PCO2 in Surface Waters: Results from the Late Quaternary Angola Current. In: Fischer, G & Wefer, G (eds.), Use of Proxies in Paleoceanography - Examples from the South Atlantic, Springer, Berlin, Heidelberg, 469-488",Andersen 1999,FALSE,1,Category 1: (a) Weighted mean of all methods with Category 1 estimates.,FALSE,TRUE,Recalculation of all alkenone CO2 results using uniform calculation methods and comprehensive treatment of uncertainties.,TRUE,FALSE,FALSE,FALSE,,,
phytoplankton_andersen_1999_p1.0.xlsx,Category 1: (a) Weighted mean of all methods with Category 1 estimates.,Phytoplankton,34.9,4,4,227.02,190.54,128.65,,"Andersen, N et al. (1999): Alkenone d13C as a Proxy for Past PCO2 in Surface Waters: Results from the Late Quaternary Angola Current. In: Fischer, G & Wefer, G (eds.), Use of Proxies in Paleoceanography - Examples from the South Atlantic, Springer, Berlin, Heidelberg, 469-488",Andersen 1999,FALSE,1,Category 1: (a) Weighted mean of all methods with Category 1 estimates.,FALSE,TRUE,Recalculation of all alkenone CO2 results using uniform calculation methods and comprehensive treatment of uncertainties.,TRUE,FALSE,FALSE,FALSE,,,
phytoplankton_andersen_1999_p1.0.xlsx,Category 1: (a) Weighted mean of all methods with Category 1 estimates.,Phytoplankton,47.4,4,4,239.45,206.48,136.5,,"Andersen, N et al. (1999): Alkenone d13C as a Proxy for Past PCO2 in Surface Waters: Results from the Late Quaternary Angola Current. In: Fischer, G & Wefer, G (eds.), Use of Proxies in Paleoceanography - Examples from the South Atlantic, Springer, Berlin, Heidelberg, 469-488",Andersen 1999,FALSE,1,Category 1: (a) Weighted mean of all methods with Category 1 estimates.,FALSE,TRUE,Recalculation of all alkenone CO2 results using uniform calculation methods and comprehensive treatment of uncertainties.,TRUE,FALSE,FALSE,FALSE,,,
phytoplankton_andersen_1999_p1.0.xlsx,Category 1: (a) Weighted mean of all methods with Category 1 estimates.,Phytoplankton,47.4,4,4,240.84,206.67,136.79,,"Andersen, N et al. (1999): Alkenone d13C as a Proxy for Past PCO2 in Surface Waters: Results from the Late Quaternary Angola Current. In: Fischer, G & Wefer, G (eds.), Use of Proxies in Paleoceanography - Examples from the South Atlantic, Springer, Berlin, Heidelberg, 469-488",Andersen 1999,FALSE,1,Category 1: (a) Weighted mean of all methods with Category 1 estimates.,FALSE,TRUE,Recalculation of all alkenone CO2 results using uniform calculation methods and comprehensive treatment of uncertainties.,TRUE,FALSE,FALSE,FALSE,,,
phytoplankton_andersen_1999_p1.0.xlsx,Category 1: (a) Weighted mean of all methods with Category 1 estimates.,Phytoplankton,59.2,4,4,239.8,213.31,135.32,,"Andersen, N et al. (1999): Alkenone d13C as a Proxy for Past PCO2 in Surface Waters: Results from the Late Quaternary Angola Current. In: Fischer, G & Wefer, G (eds.), Use of Proxies in Paleoceanography - Examples from the South Atlantic, Springer, Berlin, Heidelberg, 469-488",Andersen 1999,FALSE,1,Category 1: (a) Weighted mean of all methods with Category 1 estimates.,FALSE,TRUE,Recalculation of all alkenone CO2 results using uniform calculation methods and comprehensive treatment of uncertainties.,TRUE,FALSE,FALSE,FALSE,,,
phytoplankton_andersen_1999_p1.0.xlsx,Category 1: (a) Weighted mean of all methods with Category 1 estimates.,Phytoplankton,64.7,4,4,226.26,199.77,129.35,,"Andersen, N et al. (1999): Alkenone d13C as a Proxy for Past PCO2 in Surface Waters: Results from the Late Quaternary Angola Current. In: Fischer, G & Wefer, G (eds.), Use of Proxies in Paleoceanography - Examples from the South Atlantic, Springer, Berlin, Heidelberg, 469-488",Andersen 1999,FALSE,1,Category 1: (a) Weighted mean of all methods with Category 1 estimates.,FALSE,TRUE,Recalculation of all alkenone CO2 results using uniform calculation methods and comprehensive treatment of uncertainties.,TRUE,FALSE,FALSE,FALSE,,,
phytoplankton_andersen_1999_p1.0.xlsx,Category 1: (a) Weighted mean of all methods with Category 1 estimates.,Phytoplankton,69.3,4,4,241.46,207.72,136.16,,"Andersen, N et al. (1999): Alkenone d13C as a Proxy for Past PCO2 in Surface Waters: Results from the Late Quaternary Angola Current. In: Fischer, G & Wefer, G (eds.), Use of Proxies in Paleoceanography - Examples from the South Atlantic, Springer, Berlin, Heidelberg, 469-488",Andersen 1999,FALSE,1,Category 1: (a) Weighted mean of all methods with Category 1 estimates.,FALSE,TRUE,Recalculation of all alkenone CO2 results using uniform calculation methods and comprehensive treatment of uncertainties.,TRUE,FALSE,FALSE,FALSE,,,
phytoplankton_andersen_1999_p1.0.xlsx,Category 1: (a) Weighted mean of all methods with Category 1 estimates.,Phytoplankton,69.3,4,4,253.3,225.41,143.42,,"Andersen, N et al. (1999): Alkenone d13C as a Proxy for Past PCO2 in Surface Waters: Results from the Late Quaternary Angola Current. In: Fischer, G & Wefer, G (eds.), Use of Proxies in Paleoceanography - Examples from the South Atlantic, Springer, Berlin, Heidelberg, 469-488",Andersen 1999,FALSE,1,Category 1: (a) Weighted mean of all methods with Category 1 estimates.,FALSE,TRUE,Recalculation of all alkenone CO2 results using uniform calculation methods and comprehensive treatment of uncertainties.,TRUE,FALSE,FALSE,FALSE,,,
phytoplankton_andersen_1999_p1.0.xlsx,Category 1: (a) Weighted mean of all methods with Category 1 estimates.,Phytoplankton,78.5,4,4,282.67,242.46,161.44,,"Andersen, N et al. (1999): Alkenone d13C as a Proxy for Past PCO2 in Surface Waters: Results from the Late Quaternary Angola Current. In: Fischer, G & Wefer, G (eds.), Use of Proxies in Paleoceanography - Examples from the South Atlantic, Springer, Berlin, Heidelberg, 469-488",Andersen 1999,FALSE,1,Category 1: (a) Weighted mean of all methods with Category 1 estimates.,FALSE,TRUE,Recalculation of all alkenone CO2 results using uniform calculation methods and comprehensive treatment of uncertainties.,TRUE,FALSE,FALSE,FALSE,,,
phytoplankton_andersen_1999_p1.0.xlsx,Category 1: (a) Weighted mean of all methods with Category 1 estimates.,Phytoplankton,80,4,4,274.4,238.91,156.25,,"Andersen, N et al. (1999): Alkenone d13C as a Proxy for Past PCO2 in Surface Waters: Results from the Late Quaternary Angola Current. In: Fischer, G & Wefer, G (eds.), Use of Proxies in Paleoceanography - Examples from the South Atlantic, Springer, Berlin, Heidelberg, 469-488",Andersen 1999,FALSE,1,Category 1: (a) Weighted mean of all methods with Category 1 estimates.,FALSE,TRUE,Recalculation of all alkenone CO2 results using uniform calculation methods and comprehensive treatment of uncertainties.,TRUE,FALSE,FALSE,FALSE,,,
phytoplankton_andersen_1999_p1.0.xlsx,Category 1: (a) Weighted mean of all methods with Category 1 estimates.,Phytoplankton,84,4,4,246.55,216.88,140.12,,"Andersen, N et al. (1999): Alkenone d13C as a Proxy for Past PCO2 in Surface Waters: Results from the Late Quaternary Angola Current. In: Fischer, G & Wefer, G (eds.), Use of Proxies in Paleoceanography - Examples from the South Atlantic, Springer, Berlin, Heidelberg, 469-488",Andersen 1999,FALSE,1,Category 1: (a) Weighted mean of all methods with Category 1 estimates.,FALSE,TRUE,Recalculation of all alkenone CO2 results using uniform calculation methods and comprehensive treatment of uncertainties.,TRUE,FALSE,FALSE,FALSE,,,
phytoplankton_andersen_1999_p1.0.xlsx,Category 1: (a) Weighted mean of all methods with Category 1 estimates.,Phytoplankton,87,4,4,263.86,225.87,153.66,,"Andersen, N et al. (1999): Alkenone d13C as a Proxy for Past PCO2 in Surface Waters: Results from the Late Quaternary Angola Current. In: Fischer, G & Wefer, G (eds.), Use of Proxies in Paleoceanography - Examples from the South Atlantic, Springer, Berlin, Heidelberg, 469-488",Andersen 1999,FALSE,1,Category 1: (a) Weighted mean of all methods with Category 1 estimates.,FALSE,TRUE,Recalculation of all alkenone CO2 results using uniform calculation methods and comprehensive treatment of uncertainties.,TRUE,FALSE,FALSE,FALSE,,,
phytoplankton_andersen_1999_p1.0.xlsx,Category 1: (a) Weighted mean of all methods with Category 1 estimates.,Phytoplankton,100,4,4,286.66,249.09,164.06,,"Andersen, N et al. (1999): Alkenone d13C as a Proxy for Past PCO2 in Surface Waters: Results from the Late Quaternary Angola Current. In: Fischer, G & Wefer, G (eds.), Use of Proxies in Paleoceanography - Examples from the South Atlantic, Springer, Berlin, Heidelberg, 469-488",Andersen 1999,FALSE,1,Category 1: (a) Weighted mean of all methods with Category 1 estimates.,FALSE,TRUE,Recalculation of all alkenone CO2 results using uniform calculation methods and comprehensive treatment of uncertainties.,TRUE,FALSE,FALSE,FALSE,,,
phytoplankton_andersen_1999_p1.0.xlsx,Category 1: (a) Weighted mean of all methods with Category 1 estimates.,Phytoplankton,112.6,4,4,270.9,222.55,153.86,,"Andersen, N et al. (1999): Alkenone d13C as a Proxy for Past PCO2 in Surface Waters: Results from the Late Quaternary Angola Current. In: Fischer, G & Wefer, G (eds.), Use of Proxies in Paleoceanography - Examples from the South Atlantic, Springer, Berlin, Heidelberg, 469-488",Andersen 1999,FALSE,1,Category 1: (a) Weighted mean of all methods with Category 1 estimates.,FALSE,TRUE,Recalculation of all alkenone CO2 results using uniform calculation methods and comprehensive treatment of uncertainties.,TRUE,FALSE,FALSE,FALSE,,,
phytoplankton_andersen_1999_p1.0.xlsx,Category 1: (a) Weighted mean of all methods with Category 1 estimates.,Phytoplankton,118.3,4,4,270.75,231.96,153.78,,"Andersen, N et al. (1999): Alkenone d13C as a Proxy for Past PCO2 in Surface Waters: Results from the Late Quaternary Angola Current. In: Fischer, G & Wefer, G (eds.), Use of Proxies in Paleoceanography - Examples from the South Atlantic, Springer, Berlin, Heidelberg, 469-488",Andersen 1999,FALSE,1,Category 1: (a) Weighted mean of all methods with Category 1 estimates.,FALSE,TRUE,Recalculation of all alkenone CO2 results using uniform calculation methods and comprehensive treatment of uncertainties.,TRUE,FALSE,FALSE,FALSE,,,
phytoplankton_andersen_1999_p1.0.xlsx,Category 1: (a) Weighted mean of all methods with Category 1 estimates.,Phytoplankton,123.8,4,4,293.64,258.05,166.63,,"Andersen, N et al. (1999): Alkenone d13C as a Proxy for Past PCO2 in Surface Waters: Results from the Late Quaternary Angola Current. In: Fischer, G & Wefer, G (eds.), Use of Proxies in Paleoceanography - Examples from the South Atlantic, Springer, Berlin, Heidelberg, 469-488",Andersen 1999,FALSE,1,Category 1: (a) Weighted mean of all methods with Category 1 estimates.,FALSE,TRUE,Recalculation of all alkenone CO2 results using uniform calculation methods and comprehensive treatment of uncertainties.,TRUE,FALSE,FALSE,FALSE,,,
phytoplankton_andersen_1999_p1.0.xlsx,Category 1: (a) Weighted mean of all methods with Category 1 estimates.,Phytoplankton,127.3,4,4,308.92,263.88,176.22,,"Andersen, N et al. (1999): Alkenone d13C as a Proxy for Past PCO2 in Surface Waters: Results from the Late Quaternary Angola Current. In: Fischer, G & Wefer, G (eds.), Use of Proxies in Paleoceanography - Examples from the South Atlantic, Springer, Berlin, Heidelberg, 469-488",Andersen 1999,FALSE,1,Category 1: (a) Weighted mean of all methods with Category 1 estimates.,FALSE,TRUE,Recalculation of all alkenone CO2 results using uniform calculation methods and comprehensive treatment of uncertainties.,TRUE,FALSE,FALSE,FALSE,,,
phytoplankton_andersen_1999_p1.0.xlsx,Category 1: (a) Weighted mean of all methods with Category 1 estimates.,Phytoplankton,134.3,4,4,262.74,223.72,150.47,,"Andersen, N et al. (1999): Alkenone d13C as a Proxy for Past PCO2 in Surface Waters: Results from the Late Quaternary Angola Current. In: Fischer, G & Wefer, G (eds.), Use of Proxies in Paleoceanography - Examples from the South Atlantic, Springer, Berlin, Heidelberg, 469-488",Andersen 1999,FALSE,1,Category 1: (a) Weighted mean of all methods with Category 1 estimates.,FALSE,TRUE,Recalculation of all alkenone CO2 results using uniform calculation methods and comprehensive treatment of uncertainties.,TRUE,FALSE,FALSE,FALSE,,,
phytoplankton_andersen_1999_p1.0.xlsx,Category 1: (a) Weighted mean of all methods with Category 1 estimates.,Phytoplankton,147.1,4,4,269.32,224.2,154.63,,"Andersen, N et al. (1999): Alkenone d13C as a Proxy for Past PCO2 in Surface Waters: Results from the Late Quaternary Angola Current. In: Fischer, G & Wefer, G (eds.), Use of Proxies in Paleoceanography - Examples from the South Atlantic, Springer, Berlin, Heidelberg, 469-488",Andersen 1999,FALSE,1,Category 1: (a) Weighted mean of all methods with Category 1 estimates.,FALSE,TRUE,Recalculation of all alkenone CO2 results using uniform calculation methods and comprehensive treatment of uncertainties.,TRUE,FALSE,FALSE,FALSE,,,
phytoplankton_andersen_1999_p1.0.xlsx,Category 1: (a) Weighted mean of all methods with Category 1 estimates.,Phytoplankton,150.2,4,4,245.08,207.46,139.64,,"Andersen, N et al. (1999): Alkenone d13C as a Proxy for Past PCO2 in Surface Waters: Results from the Late Quaternary Angola Current. In: Fischer, G & Wefer, G (eds.), Use of Proxies in Paleoceanography - Examples from the South Atlantic, Springer, Berlin, Heidelberg, 469-488",Andersen 1999,FALSE,1,Category 1: (a) Weighted mean of all methods with Category 1 estimates.,FALSE,TRUE,Recalculation of all alkenone CO2 results using uniform calculation methods and comprehensive treatment of uncertainties.,TRUE,FALSE,FALSE,FALSE,,,
phytoplankton_andersen_1999_p1.0.xlsx,Category 1: (a) Weighted mean of all methods with Category 1 estimates.,Phytoplankton,160.3,4,4,283.54,243.84,161.76,,"Andersen, N et al. (1999): Alkenone d13C as a Proxy for Past PCO2 in Surface Waters: Results from the Late Quaternary Angola Current. In: Fischer, G & Wefer, G (eds.), Use of Proxies in Paleoceanography - Examples from the South Atlantic, Springer, Berlin, Heidelberg, 469-488",Andersen 1999,FALSE,1,Category 1: (a) Weighted mean of all methods with Category 1 estimates.,FALSE,TRUE,Recalculation of all alkenone CO2 results using uniform calculation methods and comprehensive treatment of uncertainties.,TRUE,FALSE,FALSE,FALSE,,,
phytoplankton_andersen_1999_p1.0.xlsx,Category 1: (a) Weighted mean of all methods with Category 1 estimates.,Phytoplankton,160.3,4,4,281.08,239.37,159.59,,"Andersen, N et al. (1999): Alkenone d13C as a Proxy for Past PCO2 in Surface Waters: Results from the Late Quaternary Angola Current. In: Fischer, G & Wefer, G (eds.), Use of Proxies in Paleoceanography - Examples from the South Atlantic, Springer, Berlin, Heidelberg, 469-488",Andersen 1999,FALSE,1,Category 1: (a) Weighted mean of all methods with Category 1 estimates.,FALSE,TRUE,Recalculation of all alkenone CO2 results using uniform calculation methods and comprehensive treatment of uncertainties.,TRUE,FALSE,FALSE,FALSE,,,
phytoplankton_andersen_1999_p1.0.xlsx,Category 1: (a) Weighted mean of all methods with Category 1 estimates.,Phytoplankton,171,4,4,277.83,239.17,157.47,,"Andersen, N et al. (1999): Alkenone d13C as a Proxy for Past PCO2 in Surface Waters: Results from the Late Quaternary Angola Current. In: Fischer, G & Wefer, G (eds.), Use of Proxies in Paleoceanography - Examples from the South Atlantic, Springer, Berlin, Heidelberg, 469-488",Andersen 1999,FALSE,1,Category 1: (a) Weighted mean of all methods with Category 1 estimates.,FALSE,TRUE,Recalculation of all alkenone CO2 results using uniform calculation methods and comprehensive treatment of uncertainties.,TRUE,FALSE,FALSE,FALSE,,,
phytoplankton_andersen_1999_p1.0.xlsx,Category 1: (a) Weighted mean of all methods with Category 1 estimates.,Phytoplankton,181.7,4,4,267.92,228.55,152.93,,"Andersen, N et al. (1999): Alkenone d13C as a Proxy for Past PCO2 in Surface Waters: Results from the Late Quaternary Angola Current. In: Fischer, G & Wefer, G (eds.), Use of Proxies in Paleoceanography - Examples from the South Atlantic, Springer, Berlin, Heidelberg, 469-488",Andersen 1999,FALSE,1,Category 1: (a) Weighted mean of all methods with Category 1 estimates.,FALSE,TRUE,Recalculation of all alkenone CO2 results using uniform calculation methods and comprehensive treatment of uncertainties.,TRUE,FALSE,FALSE,FALSE,,,
phytoplankton_andersen_1999_p1.0.xlsx,Category 1: (a) Weighted mean of all methods with Category 1 estimates.,Phytoplankton,181.7,4,4,273.1,234.16,157.19,,"Andersen, N et al. (1999): Alkenone d13C as a Proxy for Past PCO2 in Surface Waters: Results from the Late Quaternary Angola Current. In: Fischer, G & Wefer, G (eds.), Use of Proxies in Paleoceanography - Examples from the South Atlantic, Springer, Berlin, Heidelberg, 469-488",Andersen 1999,FALSE,1,Category 1: (a) Weighted mean of all methods with Category 1 estimates.,FALSE,TRUE,Recalculation of all alkenone CO2 results using uniform calculation methods and comprehensive treatment of uncertainties.,TRUE,FALSE,FALSE,FALSE,,,
phytoplankton_andersen_1999_p1.0.xlsx,Category 1: (a) Weighted mean of all methods with Category 1 estimates.,Phytoplankton,183.7,4,4,258.01,217.06,145.09,,"Andersen, N et al. (1999): Alkenone d13C as a Proxy for Past PCO2 in Surface Waters: Results from the Late Quaternary Angola Current. In: Fischer, G & Wefer, G (eds.), Use of Proxies in Paleoceanography - Examples from the South Atlantic, Springer, Berlin, Heidelberg, 469-488",Andersen 1999,FALSE,1,Category 1: (a) Weighted mean of all methods with Category 1 estimates.,FALSE,TRUE,Recalculation of all alkenone CO2 results using uniform calculation methods and comprehensive treatment of uncertainties.,TRUE,FALSE,FALSE,FALSE,,,
phytoplankton_andersen_1999_p1.0.xlsx,Category 1: (a) Weighted mean of all methods with Category 1 estimates.,Phytoplankton,196.2,4,4,307.22,266.11,174.28,,"Andersen, N et al. (1999): Alkenone d13C as a Proxy for Past PCO2 in Surface Waters: Results from the Late Quaternary Angola Current. In: Fischer, G & Wefer, G (eds.), Use of Proxies in Paleoceanography - Examples from the South Atlantic, Springer, Berlin, Heidelberg, 469-488",Andersen 1999,FALSE,1,Category 1: (a) Weighted mean of all methods with Category 1 estimates.,FALSE,TRUE,Recalculation of all alkenone CO2 results using uniform calculation methods and comprehensive treatment of uncertainties.,TRUE,FALSE,FALSE,FALSE,,,
boron_isotopes_delavega_2021_p1.0.xlsx,all known sources of error have been quantified and/or sensitivity of the CO2 estimate to those sources is small,Boron Proxies,2340.14,6,6,310.84,57.34,43.46,,"de la Vega, E, Chalk, T.B, Wilson, P.A, Bysani, R.P, Foster, G.L (2020). ""Atmospheric CO2 during the Mid-Piacenzian Warm Period and the M2 glaciation"". Sci Rep 10, 11002 (2020).",10.1038/s41598-020-67154-8,TRUE,1,all known sources of error have been quantified and/or sensitivity of the CO2 estimate to those sources is small,,FALSE,,TRUE,FALSE,,FALSE,added age uncertainty based on LR04,12.75,-78.73
boron_isotopes_delavega_2021_p1.0.xlsx,all known sources of error have been quantified and/or sensitivity of the CO2 estimate to those sources is small,Boron Proxies,2350.85,6,6,308.16,62.69,45.22,,"de la Vega, E, Chalk, T.B, Wilson, P.A, Bysani, R.P, Foster, G.L (2020). ""Atmospheric CO2 during the Mid-Piacenzian Warm Period and the M2 glaciation"". Sci Rep 10, 11002 (2020).",10.1038/s41598-020-67154-8,TRUE,1,all known sources of error have been quantified and/or sensitivity of the CO2 estimate to those sources is small,,FALSE,,TRUE,FALSE,,FALSE,added age uncertainty based on LR04,12.75,-78.73
boron_isotopes_delavega_2021_p1.0.xlsx,all known sources of error have been quantified and/or sensitivity of the CO2 estimate to those sources is small,Boron Proxies,2358.08,6,6,300.91,56.58,41.36,,"de la Vega, E, Chalk, T.B, Wilson, P.A, Bysani, R.P, Foster, G.L (2020). ""Atmospheric CO2 during the Mid-Piacenzian Warm Period and the M2 glaciation"". Sci Rep 10, 11002 (2020).",10.1038/s41598-020-67154-8,TRUE,1,all known sources of error have been quantified and/or sensitivity of the CO2 estimate to those sources is small,,FALSE,,TRUE,FALSE,,FALSE,added age uncertainty based on LR04,12.75,-78.73
boron_isotopes_delavega_2021_p1.0.xlsx,all known sources of error have been quantified and/or sensitivity of the CO2 estimate to those sources is small,Boron Proxies,2378.92,6,6,397.52,72,57.4,,"de la Vega, E, Chalk, T.B, Wilson, P.A, Bysani, R.P, Foster, G.L (2020). ""Atmospheric CO2 during the Mid-Piacenzian Warm Period and the M2 glaciation"". Sci Rep 10, 11002 (2020).",10.1038/s41598-020-67154-8,TRUE,1,all known sources of error have been quantified and/or sensitivity of the CO2 estimate to those sources is small,,FALSE,,TRUE,FALSE,,FALSE,added age uncertainty based on LR04,12.75,-78.73
boron_isotopes_delavega_2021_p1.0.xlsx,all known sources of error have been quantified and/or sensitivity of the CO2 estimate to those sources is small,Boron Proxies,2388.39,6,6,365.24,60.9,56.15,,"de la Vega, E, Chalk, T.B, Wilson, P.A, Bysani, R.P, Foster, G.L (2020). ""Atmospheric CO2 during the Mid-Piacenzian Warm Period and the M2 glaciation"". Sci Rep 10, 11002 (2020).",10.1038/s41598-020-67154-8,TRUE,1,all known sources of error have been quantified and/or sensitivity of the CO2 estimate to those sources is small,,FALSE,,TRUE,FALSE,,FALSE,added age uncertainty based on LR04,12.75,-78.73
boron_isotopes_delavega_2021_p1.0.xlsx,all known sources of error have been quantified and/or sensitivity of the CO2 estimate to those sources is small,Boron Proxies,2396.71,6,6,372.63,59.24,59.26,,"de la Vega, E, Chalk, T.B, Wilson, P.A, Bysani, R.P, Foster, G.L (2020). ""Atmospheric CO2 during the Mid-Piacenzian Warm Period and the M2 glaciation"". Sci Rep 10, 11002 (2020).",10.1038/s41598-020-67154-8,TRUE,1,all known sources of error have been quantified and/or sensitivity of the CO2 estimate to those sources is small,,FALSE,,TRUE,FALSE,,FALSE,added age uncertainty based on LR04,12.75,-78.73
boron_isotopes_delavega_2021_p1.0.xlsx,all known sources of error have been quantified and/or sensitivity of the CO2 estimate to those sources is small,Boron Proxies,2410.93,6,6,278.03,48.7,40.04,,"de la Vega, E, Chalk, T.B, Wilson, P.A, Bysani, R.P, Foster, G.L (2020). ""Atmospheric CO2 during the Mid-Piacenzian Warm Period and the M2 glaciation"". Sci Rep 10, 11002 (2020).",10.1038/s41598-020-67154-8,TRUE,1,all known sources of error have been quantified and/or sensitivity of the CO2 estimate to those sources is small,,FALSE,,TRUE,FALSE,,FALSE,added age uncertainty based on LR04,12.75,-78.73
boron_isotopes_delavega_2021_p1.0.xlsx,all known sources of error have been quantified and/or sensitivity of the CO2 estimate to those sources is small,Boron Proxies,2426.63,6,6,328.64,56.17,47.98,,"de la Vega, E, Chalk, T.B, Wilson, P.A, Bysani, R.P, Foster, G.L (2020). ""Atmospheric CO2 during the Mid-Piacenzian Warm Period and the M2 glaciation"". Sci Rep 10, 11002 (2020).",10.1038/s41598-020-67154-8,TRUE,1,all known sources of error have been quantified and/or sensitivity of the CO2 estimate to those sources is small,,FALSE,,TRUE,FALSE,,FALSE,added age uncertainty based on LR04,12.75,-78.73
boron_isotopes_delavega_2021_p1.0.xlsx,all known sources of error have been quantified and/or sensitivity of the CO2 estimate to those sources is small,Boron Proxies,2454.51,6,6,317.71,54.3,46.75,,"de la Vega, E, Chalk, T.B, Wilson, P.A, Bysani, R.P, Foster, G.L (2020). ""Atmospheric CO2 during the Mid-Piacenzian Warm Period and the M2 glaciation"". Sci Rep 10, 11002 (2020).",10.1038/s41598-020-67154-8,TRUE,1,all known sources of error have been quantified and/or sensitivity of the CO2 estimate to those sources is small,,FALSE,,TRUE,FALSE,,FALSE,added age uncertainty based on LR04,12.75,-78.73
boron_isotopes_delavega_2021_p1.0.xlsx,all known sources of error have been quantified and/or sensitivity of the CO2 estimate to those sources is small,Boron Proxies,2473.82,6,6,337.65,57.02,48.56,,"de la Vega, E, Chalk, T.B, Wilson, P.A, Bysani, R.P, Foster, G.L (2020). ""Atmospheric CO2 during the Mid-Piacenzian Warm Period and the M2 glaciation"". Sci Rep 10, 11002 (2020).",10.1038/s41598-020-67154-8,TRUE,1,all known sources of error have been quantified and/or sensitivity of the CO2 estimate to those sources is small,,FALSE,,TRUE,FALSE,,FALSE,added age uncertainty based on LR04,12.75,-78.73
boron_isotopes_delavega_2021_p1.0.xlsx,all known sources of error have been quantified and/or sensitivity of the CO2 estimate to those sources is small,Boron Proxies,2497.34,6,6,351.97,60.93,50.72,,"de la Vega, E, Chalk, T.B, Wilson, P.A, Bysani, R.P, Foster, G.L (2020). ""Atmospheric CO2 during the Mid-Piacenzian Warm Period and the M2 glaciation"". Sci Rep 10, 11002 (2020).",10.1038/s41598-020-67154-8,TRUE,1,all known sources of error have been quantified and/or sensitivity of the CO2 estimate to those sources is small,,FALSE,,TRUE,FALSE,,FALSE,added age uncertainty based on LR04,12.75,-78.73
boron_isotopes_delavega_2021_p1.0.xlsx,all known sources of error have been quantified and/or sensitivity of the CO2 estimate to those sources is small,Boron Proxies,2498.3,6,6,349.77,69,44.74,,"de la Vega, E, Chalk, T.B, Wilson, P.A, Bysani, R.P, Foster, G.L (2020). ""Atmospheric CO2 during the Mid-Piacenzian Warm Period and the M2 glaciation"". Sci Rep 10, 11002 (2020).",10.1038/s41598-020-67154-8,TRUE,1,all known sources of error have been quantified and/or sensitivity of the CO2 estimate to those sources is small,,FALSE,,TRUE,FALSE,,FALSE,added age uncertainty based on LR04,12.75,-78.73
boron_isotopes_delavega_2021_p1.0.xlsx,all known sources of error have been quantified and/or sensitivity of the CO2 estimate to those sources is small,Boron Proxies,2517.16,6,6,247.63,46.23,35.52,,"de la Vega, E, Chalk, T.B, Wilson, P.A, Bysani, R.P, Foster, G.L (2020). ""Atmospheric CO2 during the Mid-Piacenzian Warm Period and the M2 glaciation"". Sci Rep 10, 11002 (2020).",10.1038/s41598-020-67154-8,TRUE,1,all known sources of error have been quantified and/or sensitivity of the CO2 estimate to those sources is small,,FALSE,,TRUE,FALSE,,FALSE,added age uncertainty based on LR04,12.75,-78.73
boron_isotopes_delavega_2021_p1.0.xlsx,all known sources of error have been quantified and/or sensitivity of the CO2 estimate to those sources is small,Boron Proxies,2540.44,6,6,333.81,55.9,50.82,,"de la Vega, E, Chalk, T.B, Wilson, P.A, Bysani, R.P, Foster, G.L (2020). ""Atmospheric CO2 during the Mid-Piacenzian Warm Period and the M2 glaciation"". Sci Rep 10, 11002 (2020).",10.1038/s41598-020-67154-8,TRUE,1,all known sources of error have been quantified and/or sensitivity of the CO2 estimate to those sources is small,,FALSE,,TRUE,FALSE,,FALSE,added age uncertainty based on LR04,12.75,-78.73
boron_isotopes_delavega_2021_p1.0.xlsx,all known sources of error have been quantified and/or sensitivity of the CO2 estimate to those sources is small,Boron Proxies,2572.4,6,6,303.13,49.34,46.24,,"de la Vega, E, Chalk, T.B, Wilson, P.A, Bysani, R.P, Foster, G.L (2020). ""Atmospheric CO2 during the Mid-Piacenzian Warm Period and the M2 glaciation"". Sci Rep 10, 11002 (2020).",10.1038/s41598-020-67154-8,TRUE,1,all known sources of error have been quantified and/or sensitivity of the CO2 estimate to those sources is small,,FALSE,,TRUE,FALSE,,FALSE,added age uncertainty based on LR04,12.75,-78.73
boron_isotopes_delavega_2021_p1.0.xlsx,all known sources of error have been quantified and/or sensitivity of the CO2 estimate to those sources is small,Boron Proxies,2586.5,6,6,326.17,57.93,46.25,,"de la Vega, E, Chalk, T.B, Wilson, P.A, Bysani, R.P, Foster, G.L (2020). ""Atmospheric CO2 during the Mid-Piacenzian Warm Period and the M2 glaciation"". Sci Rep 10, 11002 (2020).",10.1038/s41598-020-67154-8,TRUE,1,all known sources of error have been quantified and/or sensitivity of the CO2 estimate to those sources is small,,FALSE,,TRUE,FALSE,,FALSE,added age uncertainty based on LR04,12.75,-78.73
boron_isotopes_delavega_2021_p1.0.xlsx,all known sources of error have been quantified and/or sensitivity of the CO2 estimate to those sources is small,Boron Proxies,2600.34,6,6,357.55,64.2,53.58,,"de la Vega, E, Chalk, T.B, Wilson, P.A, Bysani, R.P, Foster, G.L (2020). ""Atmospheric CO2 during the Mid-Piacenzian Warm Period and the M2 glaciation"". Sci Rep 10, 11002 (2020).",10.1038/s41598-020-67154-8,TRUE,1,all known sources of error have been quantified and/or sensitivity of the CO2 estimate to those sources is small,,FALSE,,TRUE,FALSE,,FALSE,added age uncertainty based on LR04,12.75,-78.73
boron_isotopes_delavega_2021_p1.0.xlsx,all known sources of error have been quantified and/or sensitivity of the CO2 estimate to those sources is small,Boron Proxies,2618.69,6,6,282.93,48.74,42.94,,"de la Vega, E, Chalk, T.B, Wilson, P.A, Bysani, R.P, Foster, G.L (2020). ""Atmospheric CO2 during the Mid-Piacenzian Warm Period and the M2 glaciation"". Sci Rep 10, 11002 (2020).",10.1038/s41598-020-67154-8,TRUE,1,all known sources of error have been quantified and/or sensitivity of the CO2 estimate to those sources is small,,FALSE,,TRUE,FALSE,,FALSE,added age uncertainty based on LR04,12.75,-78.73
boron_isotopes_delavega_2021_p1.0.xlsx,all known sources of error have been quantified and/or sensitivity of the CO2 estimate to those sources is small,Boron Proxies,2626.86,6,6,304.93,54.09,43.84,,"de la Vega, E, Chalk, T.B, Wilson, P.A, Bysani, R.P, Foster, G.L (2020). ""Atmospheric CO2 during the Mid-Piacenzian Warm Period and the M2 glaciation"". Sci Rep 10, 11002 (2020).",10.1038/s41598-020-67154-8,TRUE,1,all known sources of error have been quantified and/or sensitivity of the CO2 estimate to those sources is small,,FALSE,,TRUE,FALSE,,FALSE,added age uncertainty based on LR04,12.75,-78.73
boron_isotopes_delavega_2021_p1.0.xlsx,all known sources of error have been quantified and/or sensitivity of the CO2 estimate to those sources is small,Boron Proxies,2632.74,6,6,252.94,42.87,38.85,,"de la Vega, E, Chalk, T.B, Wilson, P.A, Bysani, R.P, Foster, G.L (2020). ""Atmospheric CO2 during the Mid-Piacenzian Warm Period and the M2 glaciation"". Sci Rep 10, 11002 (2020).",10.1038/s41598-020-67154-8,TRUE,1,all known sources of error have been quantified and/or sensitivity of the CO2 estimate to those sources is small,,FALSE,,TRUE,FALSE,,FALSE,added age uncertainty based on LR04,12.75,-78.73
boron_isotopes_delavega_2021_p1.0.xlsx,all known sources of error have been quantified and/or sensitivity of the CO2 estimate to those sources is small,Boron Proxies,2019.29,6,6,347.53,64.31,46.2,,"de la Vega, E, Chalk, T.B, Wilson, P.A, Bysani, R.P, Foster, G.L (2020). ""Atmospheric CO2 during the Mid-Piacenzian Warm Period and the M2 glaciation"". Sci Rep 10, 11002 (2020).",10.1038/s41598-020-67154-8,TRUE,1,all known sources of error have been quantified and/or sensitivity of the CO2 estimate to those sources is small,,FALSE,,TRUE,FALSE,,FALSE,added age uncertainty based on LR04,12.75,-78.73
boron_isotopes_henehan_2013_p1.0.xlsx,all known sources of error have been quantified and/or sensitivity of the CO2 estimate to those sources is small,Boron Proxies,3.1,4,4,259.37,29,29,,"Henehan et al., 2013. Calibration of the boron isotope proxy in the planktonic foraminifera Globigerinoides ruber for use in palaeo-CO2 reconstruction. Earth Planet. Sci. Lett. 364; 111-122. Recalculated data originally generated by Foster (2008), EPSL",10.1016/j.epsl.2012.12.029,TRUE,1,all known sources of error have been quantified and/or sensitivity of the CO2 estimate to those sources is small,FALSE,FALSE,,TRUE,FALSE,FALSE,FALSE,added age uncertainty in agreement with LR04,3.83167,-41.62167
boron_isotopes_henehan_2013_p1.0.xlsx,all known sources of error have been quantified and/or sensitivity of the CO2 estimate to those sources is small,Boron Proxies,5.98,4,4,263.8,29,29,,"Henehan et al., 2013. Calibration of the boron isotope proxy in the planktonic foraminifera Globigerinoides ruber for use in palaeo-CO2 reconstruction. Earth Planet. Sci. Lett. 364; 111-122. Recalculated data originally generated by Foster (2008), EPSL",10.1016/j.epsl.2012.12.029,TRUE,1,all known sources of error have been quantified and/or sensitivity of the CO2 estimate to those sources is small,FALSE,FALSE,,TRUE,FALSE,FALSE,FALSE,added age uncertainty in agreement with LR05,3.83167,-41.62167
boron_isotopes_henehan_2013_p1.0.xlsx,all known sources of error have been quantified and/or sensitivity of the CO2 estimate to those sources is small,Boron Proxies,8.52,4,4,240.18,29,29,,"Henehan et al., 2013. Calibration of the boron isotope proxy in the planktonic foraminifera Globigerinoides ruber for use in palaeo-CO2 reconstruction. Earth Planet. Sci. Lett. 364; 111-122. Recalculated data originally generated by Foster (2008), EPSL",10.1016/j.epsl.2012.12.029,TRUE,1,all known sources of error have been quantified and/or sensitivity of the CO2 estimate to those sources is small,FALSE,FALSE,,TRUE,FALSE,FALSE,FALSE,added age uncertainty in agreement with LR06,3.83167,-41.62167
boron_isotopes_henehan_2013_p1.0.xlsx,all known sources of error have been quantified and/or sensitivity of the CO2 estimate to those sources is small,Boron Proxies,10.54,4,4,262.31,29,29,,"Henehan et al., 2013. Calibration of the boron isotope proxy in the planktonic foraminifera Globigerinoides ruber for use in palaeo-CO2 reconstruction. Earth Planet. Sci. Lett. 364; 111-122. Recalculated data originally generated by Foster (2008), EPSL",10.1016/j.epsl.2012.12.029,TRUE,1,all known sources of error have been quantified and/or sensitivity of the CO2 estimate to those sources is small,FALSE,FALSE,,TRUE,FALSE,FALSE,FALSE,added age uncertainty in agreement with LR07,3.83167,-41.62167
boron_isotopes_henehan_2013_p1.0.xlsx,all known sources of error have been quantified and/or sensitivity of the CO2 estimate to those sources is small,Boron Proxies,12.55,4,4,206.34,29,29,,"Henehan et al., 2013. Calibration of the boron isotope proxy in the planktonic foraminifera Globigerinoides ruber for use in palaeo-CO2 reconstruction. Earth Planet. Sci. Lett. 364; 111-122. Recalculated data originally generated by Foster (2008), EPSL",10.1016/j.epsl.2012.12.029,TRUE,1,all known sources of error have been quantified and/or sensitivity of the CO2 estimate to those sources is small,FALSE,FALSE,,TRUE,FALSE,FALSE,FALSE,added age uncertainty in agreement with LR08,3.83167,-41.62167
boron_isotopes_henehan_2013_p1.0.xlsx,all known sources of error have been quantified and/or sensitivity of the CO2 estimate to those sources is small,Boron Proxies,14.57,4,4,220,29,29,,"Henehan et al., 2013. Calibration of the boron isotope proxy in the planktonic foraminifera Globigerinoides ruber for use in palaeo-CO2 reconstruction. Earth Planet. Sci. Lett. 364; 111-122. Recalculated data originally generated by Foster (2008), EPSL",10.1016/j.epsl.2012.12.029,TRUE,1,all known sources of error have been quantified and/or sensitivity of the CO2 estimate to those sources is small,FALSE,FALSE,,TRUE,FALSE,FALSE,FALSE,added age uncertainty in agreement with LR09,3.83167,-41.62167
boron_isotopes_henehan_2013_p1.0.xlsx,all known sources of error have been quantified and/or sensitivity of the CO2 estimate to those sources is small,Boron Proxies,16.59,4,4,193.91,29,29,,"Henehan et al., 2013. Calibration of the boron isotope proxy in the planktonic foraminifera Globigerinoides ruber for use in palaeo-CO2 reconstruction. Earth Planet. Sci. Lett. 364; 111-122. Recalculated data originally generated by Foster (2008), EPSL",10.1016/j.epsl.2012.12.029,TRUE,1,all known sources of error have been quantified and/or sensitivity of the CO2 estimate to those sources is small,FALSE,FALSE,,TRUE,FALSE,FALSE,FALSE,added age uncertainty in agreement with LR10,3.83167,-41.62167
boron_isotopes_henehan_2013_p1.0.xlsx,all known sources of error have been quantified and/or sensitivity of the CO2 estimate to those sources is small,Boron Proxies,18.16,4,4,194.11,29,29,,"Henehan et al., 2013. Calibration of the boron isotope proxy in the planktonic foraminifera Globigerinoides ruber for use in palaeo-CO2 reconstruction. Earth Planet. Sci. Lett. 364; 111-122. Recalculated data originally generated by Foster (2008), EPSL",10.1016/j.epsl.2012.12.029,TRUE,1,all known sources of error have been quantified and/or sensitivity of the CO2 estimate to those sources is small,FALSE,FALSE,,TRUE,FALSE,FALSE,FALSE,added age uncertainty in agreement with LR11,3.83167,-41.62167
boron_isotopes_henehan_2013_p1.0.xlsx,all known sources of error have been quantified and/or sensitivity of the CO2 estimate to those sources is small,Boron Proxies,19.06,4,4,209.4,29,29,,"Henehan et al., 2013. Calibration of the boron isotope proxy in the planktonic foraminifera Globigerinoides ruber for use in palaeo-CO2 reconstruction. Earth Planet. Sci. Lett. 364; 111-122. Recalculated data originally generated by Foster (2008), EPSL",10.1016/j.epsl.2012.12.029,TRUE,1,all known sources of error have been quantified and/or sensitivity of the CO2 estimate to those sources is small,FALSE,FALSE,,TRUE,FALSE,FALSE,FALSE,added age uncertainty in agreement with LR12,3.83167,-41.62167
boron_isotopes_henehan_2013_p1.0.xlsx,all known sources of error have been quantified and/or sensitivity of the CO2 estimate to those sources is small,Boron Proxies,20.86,4,4,216.74,29,29,,"Henehan et al., 2013. Calibration of the boron isotope proxy in the planktonic foraminifera Globigerinoides ruber for use in palaeo-CO2 reconstruction. Earth Planet. Sci. Lett. 364; 111-122. Recalculated data originally generated by Foster (2008), EPSL",10.1016/j.epsl.2012.12.029,TRUE,1,all known sources of error have been quantified and/or sensitivity of the CO2 estimate to those sources is small,FALSE,FALSE,,TRUE,FALSE,FALSE,FALSE,added age uncertainty in agreement with LR13,3.83167,-41.62167
boron_isotopes_henehan_2013_p1.0.xlsx,all known sources of error have been quantified and/or sensitivity of the CO2 estimate to those sources is small,Boron Proxies,23.86,4,4,225.22,29,29,,"Henehan et al., 2013. Calibration of the boron isotope proxy in the planktonic foraminifera Globigerinoides ruber for use in palaeo-CO2 reconstruction. Earth Planet. Sci. Lett. 364; 111-122. Recalculated data originally generated by Foster (2008), EPSL",10.1016/j.epsl.2012.12.029,TRUE,1,all known sources of error have been quantified and/or sensitivity of the CO2 estimate to those sources is small,FALSE,FALSE,,TRUE,FALSE,FALSE,FALSE,added age uncertainty in agreement with LR14,3.83167,-41.62167
boron_isotopes_henehan_2013_p1.0.xlsx,all known sources of error have been quantified and/or sensitivity of the CO2 estimate to those sources is small,Boron Proxies,27.37,4,4,208.16,29,29,,"Henehan et al., 2013. Calibration of the boron isotope proxy in the planktonic foraminifera Globigerinoides ruber for use in palaeo-CO2 reconstruction. Earth Planet. Sci. Lett. 364; 111-122. Recalculated data originally generated by Foster (2008), EPSL",10.1016/j.epsl.2012.12.029,TRUE,1,all known sources of error have been quantified and/or sensitivity of the CO2 estimate to those sources is small,FALSE,FALSE,,TRUE,FALSE,FALSE,FALSE,added age uncertainty in agreement with LR15,3.83167,-41.62167
boron_isotopes_henehan_2013_p1.0.xlsx,all known sources of error have been quantified and/or sensitivity of the CO2 estimate to those sources is small,Boron Proxies,30.88,4,4,253.37,29,29,,"Henehan et al., 2013. Calibration of the boron isotope proxy in the planktonic foraminifera Globigerinoides ruber for use in palaeo-CO2 reconstruction. Earth Planet. Sci. Lett. 364; 111-122. Recalculated data originally generated by Foster (2008), EPSL",10.1016/j.epsl.2012.12.029,TRUE,1,all known sources of error have been quantified and/or sensitivity of the CO2 estimate to those sources is small,FALSE,FALSE,,TRUE,FALSE,FALSE,FALSE,added age uncertainty in agreement with LR16,3.83167,-41.62167